;"species";"sex";"spsex";"ecomorph";"pht";"pdia";"dist1";"dist2";"dist3";"island"
"1";"CR";"F";"CRF";"TG";0.8;0.03;"1.00";"1.00";"0.05";"pr"
"2";"CR";"F";"CRF";"TG";0.44;0.05;"1.00";"1.00";"0.35";"pr"
"3";"CR";"F";"CRF";"TG";0.08;0.055;"1.00";"1.00";"0.05";"pr"
"4";"CR";"F";"CRF";"TG";0.34;0.175;"0.15";"0.32";"0.81";"pr"
"5";"CR";"F";"CRF";"TG";0.84;0.14;"0.60";"0.15";"1.00";"pr"
"6";"CR";"F";"CRF";"TG";0;0;"0.34";"1.00";"1.00";"pr"
"7";"CR";"F";"CRF";"TG";0.6;0.36;"0.28";"0.33";"1.00";"pr"
"8";"CR";"F";"CRF";"TG";0.35;0.032;"0.04";"0.25";"0.28";"pr"
"9";"CR";"F";"CRF";"TG";1.64;0.255;"0.27";"0.64";"1.00";"pr"
"10";"CR";"F";"CRF";"TG";0.8;0.075;"0.21";"1.00";"0.36";"pr"
"11";"CR";"F";"CRF";"TG";0.3;0.02;"0.09";"0.12";"0.17";"pr"
"12";"CR";"F";"CRF";"TG";1.1;0.04;"0.14";"1.00";"0.40";"pr"
"13";"CR";"F";"CRF";"TG";0.82;0.16;"0.16";"0.45";"0.35";"pr"
"14";"CR";"F";"CRF";"TG";0.73;0.09;"0.10";"1.00";"0.70";"pr"
"15";"CR";"F";"CRF";"TG";0.96;0.02;"0.11";"0.58";"0.16";"pr"
"16";"CR";"F";"CRF";"TG";0.78;0.068;"0.17";"0.63";"0.32";"pr"
"17";"CR";"F";"CRF";"TG";1.19;0.42;"0.76";"1.00";"1.00";"pr"
"18";"CR";"F";"CRF";"TG";0.6;0.09;"0.27";"0.81";"0.15";"pr"
"19";"CR";"F";"CRF";"TG";0.69;0.11;"0.35";"0.13";"1.00";"pr"
"20";"CR";"F";"CRF";"TG";0.55;0.04;"0.05";"0.15";"0.10";"pr"
"21";"CR";"F";"CRF";"TG";0.73;0.53;"1.00";"1.00";"0.63";"pr"
"22";"CR";"F";"CRF";"TG";0.88;0.12;"0.17";"1.00";"1.00";"pr"
"23";"CR";"F";"CRF";"TG";0.68;0.014;"0.42";"1.00";"0.44";"pr"
"24";"CR";"F";"CRF";"TG";2.8;0.18;"0.49";"1.00";"0.23";"pr"
"25";"CR";"F";"CRF";"TG";1.67;0.44;"0.99";"1.00";"1.00";"pr"
"26";"CR";"F";"CRF";"TG";1.82;0.17;"1.00";"1.00";"1.00";"pr"
"27";"CR";"F";"CRF";"TG";0.81;0.025;"0.06";"1.00";"1.00";"pr"
"28";"CR";"F";"CRF";"TG";0.91;0.72;"0.44";"1.00";"1.00";"pr"
"29";"CR";"F";"CRF";"TG";1.18;0.014;"0.21";"1.00";"1.00";"pr"
"30";"CR";"F";"CRF";"TG";1.42;0.16;"0.77";"1.00";"1.00";"pr"
"31";"CR";"F";"CRF";"TG";0.6;0.03;"0.15";"0.21";"0.29";"pr"
"32";"CR";"F";"CRF";"TG";0.96;0.017;"0.05";"1.00";"1.00";"pr"
"33";"CR";"F";"CRF";"TG";0.38;0.06;"0.27";"0.60";"0.30";"pr"
"34";"CR";"F";"CRF";"TG";0.19;0.16;"0.07";"1.00";"0.55";"pr"
"35";"CR";"F";"CRF";"TG";0.55;0.13;"0.09";"1.00";"0.06";"pr"
"36";"CR";"F";"CRF";"TG";0.21;0.09;"0.20";"0.51";"0.44";"pr"
"37";"CR";"F";"CRF";"TG";0.39;0.44;"0.30";"1.00";"1.00";"pr"
"38";"CR";"F";"CRF";"TG";0.61;0.15;"0.13";"0.62";"0.22";"pr"
"39";"CR";"F";"CRF";"TG";1.2;0.8;"0.68";"1.00";"1.00";"pr"
"40";"CR";"F";"CRF";"TG";0.52;0.005;"0.06";"0.47";"1.00";"pr"
"41";"CR";"F";"CRF";"TG";2;0.61;"0.15";"1.00";"1.00";"pr"
"42";"CR";"F";"CRF";"TG";1.75;0.61;"0.12";"1.00";"1.00";"pr"
"43";"CR";"F";"CRF";"TG";0.72;0;"0.20";"1.00";"0.22";"pr"
"44";"CR";"F";"CRF";"TG";0.75;0.15;"0.33";"1.00";"1.00";"pr"
"45";"CR";"M";"CRM";"TG";0.88;0.07;"1.00";"1.00";"1.00";"pr"
"46";"CR";"M";"CRM";"TG";0.3;0.13;"1.00";"1.00";"0.68";"pr"
"47";"CR";"M";"CRM";"TG";2;0.31;"1.00";"1.00";"1.00";"pr"
"48";"CR";"M";"CRM";"TG";0;0;"1.00";"1.00";"0.29";"pr"
"49";"CR";"M";"CRM";"TG";0.51;0.113;"0.30";"0.12";"0.41";"pr"
"50";"CR";"M";"CRM";"TG";0.26;0.205;"0.15";"0.35";"1.00";"pr"
"51";"CR";"M";"CRM";"TG";3;0.23;"1.00";"1.00";"0.13";"pr"
"52";"CR";"M";"CRM";"TG";0.74;0.017;"0.46";"1.00";"0.25";"pr"
"53";"CR";"M";"CRM";"TG";0.7;0.01;"0.78";"0.48";"0.77";"pr"
"54";"CR";"M";"CRM";"TG";1.2;0.14;"0.16";"1.00";"0.18";"pr"
"55";"CR";"M";"CRM";"TG";0.7;0.017;"0.20";"0.62";"0.83";"pr"
"56";"CR";"M";"CRM";"TG";1.36;0.085;"0.29";"1.00";"0.68";"pr"
"57";"CR";"M";"CRM";"TG";0.87;0.025;"0.04";"0.21";"0.09";"pr"
"58";"CR";"M";"CRM";"TG";0.97;0.4;"0.770";"1.00";"1.00";"pr"
"59";"CR";"M";"CRM";"TG";1.6;0.04;"0.210";"0.67";"0.30";"pr"
"60";"CR";"M";"CRM";"TG";1.43;0.05;"0.200";"1.00";"0.09";"pr"
"61";"CR";"M";"CRM";"TG";2.75;0.05;"0.200";"0.20";"0.14";"pr"
"62";"CR";"M";"CRM";"TG";0.67;0.04;"0.100";"0.39";"0.26";"pr"
"63";"CR";"M";"CRM";"TG";0.96;0.04;"0.100";"1.00";"0.40";"pr"
"64";"CR";"M";"CRM";"TG";1.26;0.022;"0.720";"1.00";"0.11";"pr"
"65";"CR";"M";"CRM";"TG";1.21;0.06;"0.530";"0.34";"0.50";"pr"
"66";"CR";"M";"CRM";"TG";1.36;0.26;"0.350";"0.63";"1.00";"pr"
"67";"CR";"M";"CRM";"TG";1.54;0.09;"0.190";"1.00";"0.33";"pr"
"68";"CR";"M";"CRM";"TG";0.9;0.06;"0.120";"0.37";"0.90";"pr"
"69";"CR";"M";"CRM";"TG";1;0.12;"0.230";"0.21";"0.72";"pr"
"70";"CR";"M";"CRM";"TG";1.25;0.09;"0.560";"0.61";"0.89";"pr"
"71";"CR";"M";"CRM";"TG";1.33;0.02;"0.590";"1.00";"0.96";"pr"
"72";"CR";"M";"CRM";"TG";0.62;0.21;"0.470";"1.00";"0.31";"pr"
"73";"CR";"M";"CRM";"TG";1.12;0.07;"0.140";"0.15";"0.18";"pr"
"74";"CR";"M";"CRM";"TG";0.63;0.028;".";".";".";"pr"
"75";"CR";"M";"CRM";"TG";0.25;0.01;".";".";".";"pr"
"76";"CR";"M";"CRM";"TG";0.41;0.008;".";".";".";"pr"
"77";"CR";"M";"CRM";"TG";0.42;0.01;".";".";".";"pr"
"78";"CR";"M";"CRM";"TG";1.92;0.04;"0.440";"0.91";"0.78";"pr"
"79";"CR";"M";"CRM";"TG";0.72;0.11;"0.490";"1.00";"0.47";"pr"
"80";"CR";"M";"CRM";"TG";1.75;0.61;"0.105";"1.00";"1.00";"pr"
"81";"CR";"M";"CRM";"TG";2;0.043;"0.090";"0.45";"0.13";"pr"
"82";"CR";"M";"CRM";"TG";1.4;0.1;"0.360";"0.56";"1.00";"pr"
"83";"CR";"M";"CRM";"TG";1.41;0.07;"0.320";"1.00";"0.15";"pr"
"84";"CR";"M";"CRM";"TG";1.45;0.025;"0.260";"1.00";"0.28";"pr"
"85";"CR";"M";"CRM";"TG";0.8;0.009;"0.040";"0.78";"1.00";"pr"
"86";"CR";"M";"CRM";"TG";1.5;0.002;"0.200";"1.00";"0.80";"pr"
"87";"CR";"M";"CRM";"TG";0.16;0.24;"0.220";"1.00";"0.45";"pr"
"88";"CR";"M";"CRM";"TG";1.3;0.03;"0.400";"0.58";"0.47";"pr"
"89";"CU";"F";"CUF";"CG";3;0.1;"0.200";"0.50";"0.10";"pr"
"90";"CU";"F";"CUF";"CG";3;0.1;"0.200";"0.50";"0.10";"pr"
"91";"CU";"F";"CUF";"CG";3;0.1;"0.200";"0.50";"0.10";"pr"
"92";"CU";"F";"CUF";"CG";3;0.1;"0.200";"0.50";"0.10";"pr"
"93";"CU";"F";"CUF";"CG";3;0.1;"0.200";"0.50";"0.10";"pr"
"94";"CU";"F";"CUF";"CG";3;0.1;"0.200";"0.50";"0.10";"pr"
"95";"CU";"F";"CUF";"CG";3;0.1;"0.200";"0.50";"0.10";"pr"
"96";"CU";"F";"CUF";"CG";1.14;0.083;".";".";".";"pr"
"97";"CU";"M";"CUM";"CG";5;0.08;"0.200";"0.35";"0.15";"pr"
"98";"CU";"M";"CUM";"CG";4.5;0.15;"0.150";"0.30";"0.40";"pr"
"99";"CU";"M";"CUM";"CG";4;0.15;"0.100";"0.40";"0.30";"pr"
"100";"CU";"M";"CUM";"CG";2.25;0.18;"0.200";"0.60";"0.50";"pr"
"101";"CU";"M";"CUM";"CG";2.25;0.18;"0.200";"0.60";"0.50";"pr"
"102";"CU";"M";"CUM";"CG";2.5;0.18;"0.150";"0.60";"0.10";"pr"
"103";"CU";"M";"CUM";"CG";4;0.05;"0.700";"0.20";"0.10";"pr"
"104";"CU";"M";"CUM";"CG";3;0.07;"0.150";"0.10";"0.25";"pr"
"105";"CU";"M";"CUM";"CG";3;0.08;"0.150";"0.10";"0.25";"pr"
"106";"CU";"M";"CUM";"CG";3;0.08;"0.150";"0.10";"0.25";"pr"
"107";"CU";"M";"CUM";"CG";3;0.08;"0.150";"0.10";"0.25";"pr"
"108";"CU";"M";"CUM";"CG";3.2;0.11;"0.240";"0.14";"0.06";"pr"
"109";"CU";"M";"CUM";"CG";3.3;0.13;"0.120";"0.14";"1.00";"pr"
"110";"CU";"M";"CUM";"CG";1.6;0.097;".";".";".";"pr"
"111";"CU";"M";"CUM";"CG";0.5;0.148;".";".";".";"pr"
"112";"CU";"M";"CUM";"CG";0.38;0.075;".";".";".";"pr"
"113";"CU";"M";"CUM";"CG";0.81;0.061;".";".";".";"pr"
"114";"EV";"F";"EVF";"TC";2;0.2;"1.000";"1.00";"0.30";"pr"
"115";"EV";"F";"EVF";"TC";0.95;0.25;".";".";".";"pr"
"116";"EV";"F";"EVF";"TC";9;0.025;"0.02";"0.30";"1.00";"pr"
"117";"EV";"F";"EVF";"TC";2.27;0.14;"1.00";"0.10";"0.20";"pr"
"118";"EV";"F";"EVF";"TC";1.15;0.13;"0.14";"0.26";"0.11";"pr"
"119";"EV";"F";"EVF";"TC";7.5;0.2;"0.10";"1.00";"0.04";"pr"
"120";"EV";"F";"EVF";"TC";1.06;0.065;"0.03";"0.48";"1.00";"pr"
"121";"EV";"F";"EVF";"TC";0.24;0.27;"0.22";"0.28";"0.75";"pr"
"122";"EV";"F";"EVF";"TC";1.82;0.06;"0.10";"0.25";"0.60";"pr"
"123";"EV";"F";"EVF";"TC";1.31;0.04;"0.08";"0.13";"0.24";"pr"
"124";"EV";"F";"EVF";"TC";0.17;0.034;"0.17";"0.59";"0.37";"pr"
"125";"EV";"F";"EVF";"TC";0.7;0.105;"0.17";"1.00";"0.53";"pr"
"126";"EV";"F";"EVF";"TC";0.94;0.014;"0.02";"0.27";"0.66";"pr"
"127";"EV";"F";"EVF";"TC";1.01;0.034;"0.09";"1.00";"0.11";"pr"
"128";"EV";"F";"EVF";"TC";2;0.035;"0.19";"1.00";"1.00";"pr"
"129";"EV";"F";"EVF";"TC";1.36;0.19;"0.97";"0.89";"0.90";"pr"
"130";"EV";"F";"EVF";"TC";1.77;0.21;"1.00";"1.00";"0.44";"pr"
"131";"EV";"F";"EVF";"TC";2.35;0.18;"1.00";"0.21";"0.16";"pr"
"132";"EV";"F";"EVF";"TC";2.04;0.29;"0.21";"0.46";"0.31";"pr"
"133";"EV";"F";"EVF";"TC";0.61;0.04;"1.00";"1.00";"0.37";"pr"
"134";"EV";"F";"EVF";"TC";0.61;0.22;"0.39";"0.66";"0.53";"pr"
"135";"EV";"F";"EVF";"TC";0.73;0.21;"0.20";"0.29";"0.35";"pr"
"136";"EV";"F";"EVF";"TC";0.79;0.069;"0.22";"0.80";"0.81";"pr"
"137";"EV";"F";"EVF";"TC";0.83;0.11;"0.16";"0.21";"0.11";"pr"
"138";"EV";"F";"EVF";"TC";1.17;0.034;"0.06";"0.45";"1.00";"pr"
"139";"EV";"F";"EVF";"TC";1.12;0.033;"0.15";"0.26";"0.45";"pr"
"140";"EV";"F";"EVF";"TC";0.76;0.044;"0.11";"0.26";"0.26";"pr"
"141";"EV";"F";"EVF";"TC";4;0.02;"0.06";"1.00";"0.10";"pr"
"142";"EV";"F";"EVF";"TC";0.43;0.11;"0.33";"1.00";"1.00";"pr"
"143";"EV";"F";"EVF";"TC";1.4;0.08;"1.00";"0.04";"0.66";"pr"
"144";"EV";"F";"EVF";"TC";0.65;0.35;"0.12";"0.34";"0.37";"pr"
"145";"EV";"F";"EVF";"TC";0.7;0.01;"0.11";"0.61";"1.00";"pr"
"146";"EV";"F";"EVF";"TC";0.88;0.02;"0.08";"1.00";"0.55";"pr"
"147";"EV";"F";"EVF";"TC";0.41;0.22;"0.30";"0.10";"0.54";"pr"
"148";"EV";"F";"EVF";"TC";10;0.08;"0.15";"0.10";"0.10";"pr"
"149";"EV";"F";"EVF";"TC";1;0.035;"0.25";"0.07";"0.25";"pr"
"150";"EV";"M";"EVM";"TC";1;3;"1.00";"1.00";"1.00";"pr"
"151";"EV";"M";"EVM";"TC";3;0.15;".";".";".";"pr"
"152";"EV";"M";"EVM";"TC";4;0.15;"0.25";"1.00";"0.05";"pr"
"153";"EV";"M";"EVM";"TC";1.52;0.21;"1.00";"0.60";"0.74";"pr"
"154";"EV";"M";"EVM";"TC";0.75;0.068;"0.16";"0.13";"0.23";"pr"
"155";"EV";"M";"EVM";"TC";0.96;0.04;"0.23";"0.19";"0.21";"pr"
"156";"EV";"M";"EVM";"TC";1.52;0.075;"0.40";"1.00";"0.39";"pr"
"157";"EV";"M";"EVM";"TC";2.54;0.16;"0.30";"0.35";"0.50";"pr"
"158";"EV";"M";"EVM";"TC";1.18;0.12;"0.18";"0.12";"0.19";"pr"
"159";"EV";"M";"EVM";"TC";0;0;"0.53";"1.00";"0.75";"pr"
"160";"EV";"M";"EVM";"TC";0.6;0.035;"0.11";"1.00";"0.14";"pr"
"161";"EV";"M";"EVM";"TC";25;0.01;"0.06";"0.04";"1.00";"pr"
"162";"EV";"M";"EVM";"TC";6;0.01;"0.05";"0.20";"0.40";"pr"
"163";"EV";"M";"EVM";"TC";1.5;0.07;"0.15";"0.12";"0.07";"pr"
"164";"EV";"M";"EVM";"TC";0.63;0.06;"0.08";"0.15";"0.16";"pr"
"165";"EV";"M";"EVM";"TC";1.18;0.05;"0.33";"0.51";"0.07";"pr"
"166";"EV";"M";"EVM";"TC";1.56;0.086;"0.13";"1.00";"0.32";"pr"
"167";"EV";"M";"EVM";"TC";1.2;0.08;"0.13";"0.19";"0.22";"pr"
"168";"EV";"M";"EVM";"TC";2.3;0.09;"0.20";"1.00";"1.00";"pr"
"169";"EV";"M";"EVM";"TC";16.7;0.07;"0.05";"0.04";"1.00";"pr"
"170";"EV";"M";"EVM";"TC";3.8;0.11;"1.00";"1.00";"0.76";"pr"
"171";"EV";"M";"EVM";"TC";2;0.17;"0.54";"1.00";"0.91";"pr"
"172";"EV";"M";"EVM";"TC";1.75;0.18;"0.40";"0.25";"0.81";"pr"
"173";"EV";"M";"EVM";"TC";0.93;0.032;"1.00";"0.98";"0.75";"pr"
"174";"EV";"M";"EVM";"TC";2.7;0.31;"1.00";"0.33";"0.52";"pr"
"175";"EV";"M";"EVM";"TC";0.47;0.21;"1.00";"1.00";"0.63";"pr"
"176";"EV";"M";"EVM";"TC";0.71;0.11;"0.73";"1.00";"1.00";"pr"
"177";"EV";"M";"EVM";"TC";1.77;0.12;"0.19";"1.00";"0.58";"pr"
"178";"EV";"M";"EVM";"TC";2;0.05;"0.27";"0.07";"0.23";"pr"
"179";"EV";"M";"EVM";"TC";2.8;0.23;"0.22";"0.81";"0.31";"pr"
"180";"EV";"M";"EVM";"TC";0.31;0.09;"0.04";"0.28";"0.37";"pr"
"181";"EV";"M";"EVM";"TC";0.39;0.65;"0.77";"0.86";"0.96";"pr"
"182";"EV";"M";"EVM";"TC";0.95;0.18;"0.11";"0.10";"0.53";"pr"
"183";"EV";"M";"EVM";"TC";1.55;0.035;"0.31";"0.20";"0.29";"pr"
"184";"EV";"M";"EVM";"TC";5;0.03;"0.15";"0.05";"0.80";"pr"
"185";"EV";"M";"EVM";"TC";3;0.16;"0.25";"1.00";"0.60";"pr"
"186";"EV";"M";"EVM";"TC";1;0.29;"0.40";"0.62";"0.33";"pr"
"187";"EV";"M";"EVM";"TC";0.3;0.19;"0.29";"0.35";"0.20";"pr"
"188";"EV";"M";"EVM";"TC";1.5;0.002;"0.50";"1.00";"1.00";"pr"
"189";"EV";"M";"EVM";"TC";1.3;0.03;"0.13";"0.12";"0.13";"pr"
"190";"EV";"M";"EVM";"TC";0.6;0.13;"0.15";"1.00";"0.20";"pr"
"191";"EV";"M";"EVM";"TC";0.75;0.05;"0.10";"0.27";"0.75";"pr"
"192";"GA";"F";"GAF";"CG";4;0.11;"0.60";"0.45";"0.40";"jamaica"
"193";"GA";"F";"GAF";"CG";4;0.15;"0.04";"0.40";"0.18";"jamaica"
"194";"GA";"F";"GAF";"CG";1.52;0.63;"0.01";"0.15";"0.12";"jamaica"
"195";"GA";"F";"GAF";"CG";1.64;0.36;"0.46";"0.42";"0.39";"jamaica"
"196";"GA";"F";"GAF";"CG";1.18;0.08;"0.18";"0.19";"0.28";"jamaica"
"197";"GA";"F";"GAF";"CG";3;0.08;"0.38";"0.47";"0.18";"jamaica"
"198";"GA";"F";"GAF";"CG";2.5;0.14;"0.07";"0.18";"0.08";"jamaica"
"199";"GA";"F";"GAF";"CG";2.2;0.11;"0.06";"0.18";"0.23";"jamaica"
"200";"GA";"F";"GAF";"CG";3.1;0.19;"0.20";"0.45";"0.14";"jamaica"
"201";"GA";"F";"GAF";"CG";2.5;0.09;"0.06";"0.07";"0.08";"jamaica"
"202";"GA";"F";"GAF";"CG";1.82;0.53;"1.00";"0.94";"0.63";"jamaica"
"203";"GA";"F";"GAF";"CG";2.46;0.38;"0.13";"0.62";"1.00";"jamaica"
"204";"GA";"F";"GAF";"CG";1.37;0.15;"0.22";"0.13";"0.32";"jamaica"
"205";"GA";"F";"GAF";"CG";2.6;0.12;"0.32";"0.13";"0.28";"jamaica"
"206";"GA";"F";"GAF";"CG";1.72;0.085;"0.32";"0.15";"0.15";"jamaica"
"207";"GA";"F";"GAF";"CG";1.55;0.095;"0.09";"0.15";"0.13";"jamaica"
"208";"GA";"F";"GAF";"CG";3.66;0.08;"0.19";"0.10";"0.28";"jamaica"
"209";"GA";"F";"GAF";"CG";1.2;0.26;"0.21";"0.50";"0.67";"jamaica"
"210";"GA";"F";"GAF";"CG";1.07;0.045;"0.07";"0.60";"0.74";"jamaica"
"211";"GA";"F";"GAF";"CG";0.8;0.37;"1.00";"1.00";"1.00";"jamaica"
"212";"GA";"F";"GAF";"CG";1.2;0.065;"0.26";"0.93";"0.11";"jamaica"
"213";"GA";"F";"GAF";"CG";3.3;0.08;"0.18";"0.77";"0.36";"jamaica"
"214";"GA";"F";"GAF";"CG";2.9;0.13;"0.22";"0.36";"0.43";"jamaica"
"215";"GA";"F";"GAF";"CG";2.5;0.07;"0.20";"0.35";"0.10";"jamaica"
"216";"GA";"F";"GAF";"CG";1.5;0.06;"0.47";"0.41";"0.13";"jamaica"
"217";"GA";"F";"GAF";"CG";4;0.06;"0.20";"0.15";"0.90";"jamaica"
"218";"GA";"F";"GAF";"CG";1.5;0.08;"0.10";"0.45";"0.40";"jamaica"
"219";"GA";"F";"GAF";"CG";3.5;0.25;"0.12";"0.30";"0.40";"jamaica"
"220";"GA";"F";"GAF";"CG";3.5;0.025;"0.05";"0.30";"0.18";"jamaica"
"221";"GA";"F";"GAF";"CG";6.5;0.22;"0.12";"0.20";"0.40";"jamaica"
"222";"GA";"F";"GAF";"CG";0.54;0.17;"0.30";"0.23";"0.21";"jamaica"
"223";"GA";"F";"GAF";"CG";1.85;0.065;"0.33";"0.53";"0.72";"jamaica"
"224";"GA";"F";"GAF";"CG";0.51;0.34;"0.10";"1.00";"0.46";"jamaica"
"225";"GA";"F";"GAF";"CG";12;0.18;"0.45";"1.00";"0.65";"jamaica"
"226";"GA";"F";"GAF";"CG";5;0.38;"0.30";"0.25";"0.30";"jamaica"
"227";"GA";"F";"GAF";"CG";3.2;0.3;"0.25";"0.30";"0.90";"jamaica"
"228";"GA";"M";"GAM";"CG";3;0.03;"0.01";"0.02";"0.05";"jamaica"
"229";"GA";"M";"GAM";"CG";3.5;0.17;"0.13";"0.14";"0.81";"jamaica"
"230";"GA";"M";"GAM";"CG";2.18;0.36;"0.19";"0.24";"0.39";"jamaica"
"231";"GA";"M";"GAM";"CG";2.24;0.16;"0.12";"0.58";"0.40";"jamaica"
"232";"GA";"M";"GAM";"CG";2.52;0.13;"0.66";"0.23";"0.54";"jamaica"
"233";"GA";"M";"GAM";"CG";2.91;0.12;"0.40";"0.52";"0.37";"jamaica"
"234";"GA";"M";"GAM";"CG";1.63;0.1;"0.18";"0.13";"0.18";"jamaica"
"235";"GA";"M";"GAM";"CG";6.3;0.16;"0.21";"0.76";"1.00";"jamaica"
"236";"GA";"M";"GAM";"CG";0.72;0.06;"0.43";"0.30";"0.13";"jamaica"
"237";"GA";"M";"GAM";"CG";1.88;0.1;"0.06";"0.22";"0.25";"jamaica"
"238";"GA";"M";"GAM";"CG";4.94;0.18;"0.49";"0.70";"1.00";"jamaica"
"239";"GA";"M";"GAM";"CG";3.64;0.23;"0.80";"0.22";"0.29";"jamaica"
"240";"GA";"M";"GAM";"CG";3.85;0.15;"0.22";"0.49";"0.23";"jamaica"
"241";"GA";"M";"GAM";"CG";1.84;0.1;"0.16";"0.34";"0.60";"jamaica"
"242";"GA";"M";"GAM";"CG";2.14;0.11;"0.22";"0.47";"0.23";"jamaica"
"243";"GA";"M";"GAM";"CG";2.3;0.06;"0.13";"0.21";"0.08";"jamaica"
"244";"GA";"M";"GAM";"CG";3.04;0.065;"0.44";"0.33";"0.86";"jamaica"
"245";"GA";"M";"GAM";"CG";3.19;0.1;"0.28";"0.44";"0.62";"jamaica"
"246";"GA";"M";"GAM";"CG";1.75;0.22;"1.00";"1.00";"1.00";"jamaica"
"247";"GA";"M";"GAM";"CG";2.56;0.33;"1.00";"1.00";"0.59";"jamaica"
"248";"GA";"M";"GAM";"CG";5.75;0.17;"0.27";"0.32";"0.51";"jamaica"
"249";"GA";"M";"GAM";"CG";3.25;0.021;"0.11";"0.68";"0.55";"jamaica"
"250";"GA";"M";"GAM";"CG";3.9;0.053;"0.22";"0.84";"0.26";"jamaica"
"251";"GA";"M";"GAM";"CG";3.6;0.1;"0.22";"0.67";"0.41";"jamaica"
"252";"GA";"M";"GAM";"CG";3.4;0.037;"0.13";"0.49";"0.76";"jamaica"
"253";"GA";"M";"GAM";"CG";6;0.07;"0.30";"1.00";"0.40";"jamaica"
"254";"GA";"M";"GAM";"CG";1.75;0.05;"0.33";"0.45";"0.70";"jamaica"
"255";"GA";"M";"GAM";"CG";5;0.04;"0.10";"0.60";"0.15";"jamaica"
"256";"GA";"M";"GAM";"CG";2.5;0.065;"0.09";"0.40";"0.30";"jamaica"
"257";"GA";"M";"GAM";"CG";3.1;0.17;"0.50";"0.65";"0.25";"jamaica"
"258";"GA";"M";"GAM";"CG";3.1;0.2;"0.08";"0.70";"0.10";"jamaica"
"259";"GA";"M";"GAM";"CG";2.25;0.085;"0.08";"0.36";"0.38";"jamaica"
"260";"GA";"M";"GAM";"CG";9;0.15;"0.20";"0.25";"0.55";"jamaica"
"261";"GA";"M";"GAM";"CG";3.75;0.05;"0.12";"0.25";"0.99";"jamaica"
"262";"GA";"M";"GAM";"CG";5.5;0.03;"0.15";"0.15";"0.25";"jamaica"
"263";"GA";"M";"GAM";"CG";6;0.22;"0.40";"1.00";"0.77";"jamaica"
"264";"GA";"M";"GAM";"CG";0.5;0.003;"0.04";"0.12";"0.42";"jamaica"
"265";"GA";"M";"GAM";"CG";3.2;0.08;"0.20";"0.95";"1.00";"jamaica"
"266";"GA";"M";"GAM";"CG";1.55;0.27;"0.50";"1.00";"1.00";"jamaica"
"267";"GA";"M";"GAM";"CG";4.75;0.18;"0.22";"0.18";"0.15";"jamaica"
"268";"GA";"M";"GAM";"CG";9;0.15;"1.00";"1.00";"0.20";"jamaica"
"269";"GR";"F";"GRF";"TC";0.26;0.01;"0.02";"0.19";"0.19";"pr"
"270";"GR";"F";"GRF";"TC";0.85;0.05;"0.16";"0.18";"0.46";"pr"
"271";"GR";"F";"GRF";"TC";0.12;0.04;"0.96";"0.18";"0.08";"pr"
"272";"GR";"F";"GRF";"TC";4;0.08;"0.01";"0.02";"0.30";"pr"
"273";"GR";"F";"GRF";"TC";0.091;0.3;"0.67";"0.95";"0.26";"pr"
"274";"GR";"F";"GRF";"TC";6;0.3;"0.44";"0.26";"0.25";"pr"
"275";"GR";"F";"GRF";"TC";1.56;0.15;"0.05";"0.35";"0.21";"pr"
"276";"GR";"F";"GRF";"TC";0;0;"0.44";"0.44";"0.99";"pr"
"277";"GR";"F";"GRF";"TC";1.56;0.03;"0.11";"0.38";"0.55";"pr"
"278";"GR";"F";"GRF";"TC";2.26;0.01;"0.08";"0.20";"0.39";"pr"
"279";"GR";"F";"GRF";"TC";1.33;0.05;"0.09";"0.13";"0.11";"pr"
"280";"GR";"F";"GRF";"TC";0.79;0.04;"0.38";"0.18";"0.49";"pr"
"281";"GR";"F";"GRF";"TC";1.24;0.1;"0.15";"0.17";"0.14";"pr"
"282";"GR";"F";"GRF";"TC";0.32;0.02;"0.08";"0.02";"0.32";"pr"
"283";"GR";"F";"GRF";"TC";1.9;0.03;"0.66";"0.10";"0.08";"pr"
"284";"GR";"F";"GRF";"TC";0.99;0.32;"0.30";"0.24";"0.19";"pr"
"285";"GR";"F";"GRF";"TC";1.41;0.17;"0.98";"1.00";"1.00";"pr"
"286";"GR";"F";"GRF";"TC";0;0;"0.14";"0.31";"0.30";"pr"
"287";"GR";"F";"GRF";"TC";0.15;0.03;"0.19";"0.26";"0.55";"pr"
"288";"GR";"F";"GRF";"TC";0.76;0.1;"0.17";"0.60";"0.42";"pr"
"289";"GR";"F";"GRF";"TC";3.5;0.105;"0.13";"0.21";"0.13";"pr"
"290";"GR";"F";"GRF";"TC";1.79;0.05;"0.12";"0.22";"0.60";"pr"
"291";"GR";"F";"GRF";"TC";1.5;0.018;"0.09";"0.12";"0.14";"pr"
"292";"GR";"F";"GRF";"TC";1.44;0.15;"0.19";"0.09";"0.21";"pr"
"293";"GR";"F";"GRF";"TC";2.61;0.065;"0.17";"0.47";"0.61";"pr"
"294";"GR";"F";"GRF";"TC";1.43;0.014;"0.12";"0.28";"0.53";"pr"
"295";"GR";"F";"GRF";"TC";1.41;0.016;"0.09";"0.12";"0.18";"pr"
"296";"GR";"F";"GRF";"TC";0.98;0.055;"0.51";"0.58";"0.31";"pr"
"297";"GR";"F";"GRF";"TC";2.06;0.03;"0.08";"0.18";"0.16";"pr"
"298";"GR";"F";"GRF";"TC";0.77;0.13;"0.08";"0.07";"0.11";"pr"
"299";"GR";"F";"GRF";"TC";1.8;0.105;"0.20";"0.30";"0.24";"pr"
"300";"GR";"F";"GRF";"TC";0.7;0.1;"0.21";"0.47";"0.51";"pr"
"301";"GR";"F";"GRF";"TC";0.77;0.095;"0.08";"0.20";"0.33";"pr"
"302";"GR";"F";"GRF";"TC";0.3;0.02;"0.11";"1.00";"1.00";"pr"
"303";"GR";"F";"GRF";"TC";1.53;0.21;"1.00";"1.00";"0.99";"pr"
"304";"GR";"F";"GRF";"TC";0.48;0.058;"0.08";"0.75";"0.34";"pr"
"305";"GR";"F";"GRF";"TC";0.39;0.077;"0.16";"0.13";"0.23";"pr"
"306";"GR";"F";"GRF";"TC";0.56;0.026;"0.06";"0.58";"0.39";"pr"
"307";"GR";"F";"GRF";"TC";2.9;0.016;"0.11";"0.16";"0.27";"pr"
"308";"GR";"F";"GRF";"TC";1.62;0.011;"0.09";"0.13";"0.24";"pr"
"309";"GR";"F";"GRF";"TC";2.1;0.038;"0.07";"0.56";"0.48";"pr"
"310";"GR";"F";"GRF";"TC";1.35;0.027;"0.11";"0.07";"0.19";"pr"
"311";"GR";"F";"GRF";"TC";2.85;0.026;"0.22";"0.26";"0.27";"pr"
"312";"GR";"F";"GRF";"TC";0.73;0.132;"0.28";"0.16";"0.33";"pr"
"313";"GR";"F";"GRF";"TC";3.1;0.043;"0.18";"0.09";"0.03";"pr"
"314";"GR";"F";"GRF";"TC";1.2;0.04;"0.05";"1.00";"0.11";"pr"
"315";"GR";"F";"GRF";"TC";0.5;0.002;"0.10";"0.25";"0.40";"pr"
"316";"GR";"F";"GRF";"TC";0.3;0.025;"0.15";"0.40";"0.25";"pr"
"317";"GR";"F";"GRF";"TC";0.69;0.035;"0.10";"0.42";"0.56";"pr"
"318";"GR";"F";"GRF";"TC";1.75;0.09;"0.05";"0.10";"0.25";"pr"
"319";"GR";"F";"GRF";"TC";1.46;0.027;"0.14";"0.31";"0.47";"pr"
"320";"GR";"F";"GRF";"TC";0.78;0.028;"0.16";"0.26";"0.10";"pr"
"321";"GR";"F";"GRF";"TC";1.6;0.01;"0.06";"0.39";"0.99";"pr"
"322";"GR";"F";"GRF";"TC";2;0.045;"0.05";"0.25";"0.15";"pr"
"323";"GR";"F";"GRF";"TC";2.02;0.018;"0.03";"0.24";"0.20";"pr"
"324";"GR";"F";"GRF";"TC";3;0.08;"0.15";"0.80";"0.40";"pr"
"325";"GR";"F";"GRF";"TC";2.75;0.006;"0.04";"0.06";"0.08";"pr"
"326";"GR";"F";"GRF";"TC";3;0.1;"0.35";"0.15";"0.50";"pr"
"327";"GR";"F";"GRF";"TC";0.1;0.05;"0.12";"0.40";"0.05";"pr"
"328";"GR";"F";"GRF";"TC";1.3;0.23;"1.00";"1.00";"1.00";"pr"
"329";"GR";"F";"GRF";"TC";0.19;0.002;"0.15";"0.35";"0.91";"pr"
"330";"GR";"M";"GRM";"TC";0.54;0.05;"0.04";"0.05";"0.41";"jamaica"
"331";"GR";"M";"GRM";"TC";3;0.1;"0.13";"0.05";"0.16";"jamaica"
"332";"GR";"M";"GRM";"TC";1.74;0.19;"0.48";"0.34";"0.49";"jamaica"
"333";"GR";"M";"GRM";"TC";0.85;0.05;"0.16";"0.18";"0.46";"jamaica"
"334";"GR";"M";"GRM";"TC";0.89;0.02;"0.22";"0.23";"0.51";"jamaica"
"335";"GR";"M";"GRM";"TC";1.6;0.03;"0.39";"0.10";"0.16";"jamaica"
"336";"GR";"M";"GRM";"TC";1.17;0.25;"0.42";"0.45";"0.96";"jamaica"
"337";"GR";"M";"GRM";"TC";1.52;0.21;"0.06";"0.12";"0.41";"jamaica"
"338";"GR";"M";"GRM";"TC";2.5;0.18;"0.01";"0.55";"0.89";"jamaica"
"339";"GR";"M";"GRM";"TC";1.75;0.17;"0.30";"0.38";"0.47";"jamaica"
"340";"GR";"M";"GRM";"TC";0.85;0.06;"0.47";"0.45";"0.64";"jamaica"
"341";"GR";"M";"GRM";"TC";0.57;0.09;"0.14";"0.06";"0.16";"jamaica"
"342";"GR";"M";"GRM";"TC";0.95;0.16;"0.11";"0.64";"0.45";"jamaica"
"343";"GR";"M";"GRM";"TC";0.73;0.24;"0.80";"0.36";"0.14";"jamaica"
"344";"GR";"M";"GRM";"TC";2;0.11;"0.54";"0.36";"0.49";"jamaica"
"345";"GR";"M";"GRM";"TC";2.52;0.1;"0.10";"0.10";"0.50";"jamaica"
"346";"GR";"M";"GRM";"TC";1.6;0.03;"0.41";"0.26";"0.05";"jamaica"
"347";"GR";"M";"GRM";"TC";1.6;0.14;"0.07";"0.23";"0.08";"jamaica"
"348";"GR";"M";"GRM";"TC";0.89;0.07;"0.13";"0.32";"0.40";"jamaica"
"349";"GR";"M";"GRM";"TC";1.28;0.09;"0.12";"0.64";"0.24";"jamaica"
"350";"GR";"M";"GRM";"TC";4.2;0.15;"0.07";"0.33";"1.00";"jamaica"
"351";"GR";"M";"GRM";"TC";1.53;0.06;"0.22";"0.66";"0.17";"jamaica"
"352";"GR";"M";"GRM";"TC";1.8;0.175;"0.69";"0.99";"0.43";"jamaica"
"353";"GR";"M";"GRM";"TC";1.74;0.25;"0.20";"0.19";"0.25";"jamaica"
"354";"GR";"M";"GRM";"TC";3.6;0.24;"0.58";"0.44";"1.00";"jamaica"
"355";"GR";"M";"GRM";"TC";1.54;0.022;"0.18";"0.11";"0.28";"jamaica"
"356";"GR";"M";"GRM";"TC";0.9;0.025;"0.46";"0.18";"0.06";"jamaica"
"357";"GR";"M";"GRM";"TC";0.97;0.015;"0.26";"0.07";"0.36";"jamaica"
"358";"GR";"M";"GRM";"TC";3;0.09;"0.14";"0.45";"0.54";"jamaica"
"359";"GR";"M";"GRM";"TC";0.49;0.25;"0.28";"0.53";"0.55";"jamaica"
"360";"GR";"M";"GRM";"TC";1.52;0.08;"0.32";"0.52";"0.26";"jamaica"
"361";"GR";"M";"GRM";"TC";3.74;0.14;"0.11";"0.21";"0.53";"jamaica"
"362";"GR";"M";"GRM";"TC";1.96;0.06;"0.12";"0.13";"0.57";"jamaica"
"363";"GR";"M";"GRM";"TC";1.71;0.008;"0.13";"0.16";"0.17";"jamaica"
"364";"GR";"M";"GRM";"TC";0.92;0.095;"0.64";"0.72";"0.51";"jamaica"
"365";"GR";"M";"GRM";"TC";0.22;0.43;"1.00";"0.28";"1.00";"jamaica"
"366";"GR";"M";"GRM";"TC";5.5;0.19;"0.28";"0.39";"0.14";"jamaica"
"367";"GR";"M";"GRM";"TC";0.11;0.003;"0.02";"0.33";"0.13";"jamaica"
"368";"GR";"M";"GRM";"TC";1.63;0.018;"0.11";"0.09";"0.39";"jamaica"
"369";"GR";"M";"GRM";"TC";0.65;0.029;"0.12";"0.39";"0.37";"jamaica"
"370";"GR";"M";"GRM";"TC";0.49;0.043;"0.17";"0.30";"0.29";"jamaica"
"371";"GR";"M";"GRM";"TC";2.61;0.013;"0.08";"0.36";"0.31";"jamaica"
"372";"GR";"M";"GRM";"TC";1.09;0.023;"0.23";"0.07";"0.28";"jamaica"
"373";"GR";"M";"GRM";"TC";0.47;0.047;"0.13";"1.00";"0.44";"jamaica"
"374";"GR";"M";"GRM";"TC";0.62;0.12;"0.06";"1.00";"0.57";"jamaica"
"375";"GR";"M";"GRM";"TC";2.43;0.051;"0.13";"0.47";"0.04";"jamaica"
"376";"GR";"M";"GRM";"TC";1.48;0.192;"0.10";"0.89";"0.81";"jamaica"
"377";"GR";"M";"GRM";"TC";1.15;0.5;"0.13";"0.26";"0.67";"jamaica"
"378";"GR";"M";"GRM";"TC";2.5;0.03;"0.30";"0.40";"0.35";"jamaica"
"379";"GR";"M";"GRM";"TC";1.35;0.032;"0.26";"0.22";"0.20";"jamaica"
"380";"GR";"M";"GRM";"TC";7;0.07;"0.40";"1.00";"0.95";"jamaica"
"381";"GR";"M";"GRM";"TC";2.25;0.025;"0.07";"0.15";"0.05";"jamaica"
"382";"GR";"M";"GRM";"TC";3.5;0.1;"0.60";"0.60";"0.25";"jamaica"
"383";"GR";"M";"GRM";"TC";1.11;0.009;"0.12";"0.14";"0.33";"jamaica"
"384";"GR";"M";"GRM";"TC";1.83;0.012;"0.26";"0.35";"0.06";"jamaica"
"385";"GR";"M";"GRM";"TC";3;0.19;"0.40";"0.80";"0.90";"jamaica"
"386";"GR";"M";"GRM";"TC";5.75;0.02;"0.15";"1.00";"0.70";"jamaica"
"387";"GR";"M";"GRM";"TC";7;0.03;"0.05";"0.80";"0.65";"jamaica"
"388";"GR";"M";"GRM";"TC";1.5;0.23;"0.05";"0.25";"0.42";"jamaica"
"389";"GR";"M";"GRM";"TC";0.9;0.065;"0.06";"0.58";"0.64";"jamaica"
"390";"GR";"M";"GRM";"TC";1.75;0.01;"0.10";"0.50";"0.40";"jamaica"
"391";"GR";"M";"GRM";"TC";7;0.08;"0.05";"0.05";"0.10";"jamaica"
"392";"GR";"M";"GRM";"TC";1.7;0.055;"0.16";"0.18";"0.68";"jamaica"
"393";"GR";"M";"GRM";"TC";7.5;0.18;"0.05";"0.25";"0.30";"jamaica"
"394";"GR";"M";"GRM";"TC";1.5;0.05;"0.28";"0.81";"0.39";"jamaica"
"395";"GU";"F";"GUF";"TG";1.15;0.07;"1.00";"1.00";"0.20";"pr"
"396";"GU";"F";"GUF";"TG";0.48;0.24;"1.00";"1.00";"0.25";"pr"
"397";"GU";"F";"GUF";"TG";3;0.065;"1.00";"1.00";"0.07";"pr"
"398";"GU";"F";"GUF";"TG";0.35;0.035;"1.00";"1.00";"0.05";"pr"
"399";"GU";"F";"GUF";"TG";0.32;0.015;".";".";".";"pr"
"400";"GU";"F";"GUF";"TG";1.45;0.15;".";".";".";"pr"
"401";"GU";"F";"GUF";"TG";1.75;0.052;".";".";".";"pr"
"402";"GU";"F";"GUF";"TG";1.84;0.01;"0.10";"0.39";"0.42";"pr"
"403";"GU";"F";"GUF";"TG";0.25;0.14;"0.08";"1.00";"0.24";"pr"
"404";"GU";"F";"GUF";"TG";1.14;0.01;"0.30";"0.37";"0.78";"pr"
"405";"GU";"F";"GUF";"TG";0.5;0.045;"0.06";"0.14";"0.39";"pr"
"406";"GU";"F";"GUF";"TG";0.6;0.16;"0.40";"0.09";"0.17";"pr"
"407";"GU";"F";"GUF";"TG";3.5;0.06;"1.00";"1.00";"0.41";"pr"
"408";"GU";"F";"GUF";"TG";0.75;0.007;"0.02";"0.11";"0.02";"pr"
"409";"GU";"F";"GUF";"TG";0.43;0.09;"0.08";"0.27";"0.35";"pr"
"410";"GU";"F";"GUF";"TG";0.35;0.02;"0.11";"0.04";"0.10";"pr"
"411";"GU";"F";"GUF";"TG";0.68;0.035;"0.16";"0.55";"0.65";"pr"
"412";"GU";"F";"GUF";"TG";2.1;0.035;"0.39";"0.90";"0.71";"pr"
"413";"GU";"F";"GUF";"TG";1.5;0.011;"0.29";"1.00";"1.00";"pr"
"414";"GU";"F";"GUF";"TG";1.52;0.21;"0.60";"1.00";"0.61";"pr"
"415";"GU";"F";"GUF";"TG";0.55;0.025;"0.07";"1.00";"0.16";"pr"
"416";"GU";"F";"GUF";"TG";0.37;0.045;"0.13";"0.12";"0.81";"pr"
"417";"GU";"F";"GUF";"TG";1.08;0.025;"0.26";"0.38";"1.00";"pr"
"418";"GU";"F";"GUF";"TG";1.06;0.085;"0.37";"0.60";"0.71";"pr"
"419";"GU";"F";"GUF";"TG";1.1;0.12;"0.29";"1.00";"0.44";"pr"
"420";"GU";"F";"GUF";"TG";0.73;0.065;"0.27";"0.54";"0.31";"pr"
"421";"GU";"F";"GUF";"TG";0.58;0.07;"0.17";"0.21";"0.57";"pr"
"422";"GU";"F";"GUF";"TG";0.84;0.036;"0.14";"0.18";"0.26";"pr"
"423";"GU";"F";"GUF";"TG";0.57;0.115;"0.27";"0.16";"0.40";"pr"
"424";"GU";"F";"GUF";"TG";3.1;0.07;"1.00";"0.47";"0.41";"pr"
"425";"GU";"F";"GUF";"TG";0.83;0.015;"0.51";"0.59";"0.59";"pr"
"426";"GU";"F";"GUF";"TG";1.37;0.04;"1.00";"0.52";"0.56";"pr"
"427";"GU";"F";"GUF";"TG";1.01;0.025;"1.00";"0.68";"0.54";"pr"
"428";"GU";"F";"GUF";"TG";1.15;0.01;"0.69";"0.90";"0.14";"pr"
"429";"GU";"F";"GUF";"TG";1.4;0.11;"0.10";"1.00";"1.00";"pr"
"430";"GU";"F";"GUF";"TG";2.26;0.04;"0.08";"1.00";"1.00";"pr"
"431";"GU";"F";"GUF";"TG";1.87;0.057;"0.05";"1.00";"1.00";"pr"
"432";"GU";"F";"GUF";"TG";0.87;0.15;"1.00";"1.00";"0.91";"pr"
"433";"GU";"F";"GUF";"TG";1.8;0.043;"0.26";"0.31";"0.74";"pr"
"434";"GU";"F";"GUF";"TG";1.72;0.026;"0.24";"0.39";"0.51";"pr"
"435";"GU";"F";"GUF";"TG";3.1;0.021;"0.03";"0.08";"0.24";"pr"
"436";"GU";"F";"GUF";"TG";1.33;0.02;"0.15";"0.15";"0.47";"pr"
"437";"GU";"F";"GUF";"TG";1.47;0.018;"0.67";"0.51";"1.00";"pr"
"438";"GU";"F";"GUF";"TG";1.11;0.038;"0.62";"0.65";"0.31";"pr"
"439";"GU";"F";"GUF";"TG";0.57;0.15;"0.22";"0.58";"0.45";"pr"
"440";"GU";"F";"GUF";"TG";1.44;0.028;"0.49";"0.71";"0.18";"pr"
"441";"GU";"F";"GUF";"TG";0.7;0.22;"0.52";"0.87";"0.59";"pr"
"442";"GU";"F";"GUF";"TG";1.09;0.51;"0.12";"1.00";"1.00";"pr"
"443";"GU";"F";"GUF";"TG";1.52;0.14;"1.00";"0.15";"0.52";"pr"
"444";"GU";"F";"GUF";"TG";1.11;0.13;"0.67";"1.00";"0.15";"pr"
"445";"GU";"F";"GUF";"TG";0.8;0.022;"0.73";"1.00";"0.57";"pr"
"446";"GU";"F";"GUF";"TG";0.36;0.4;"0.48";"1.00";"0.60";"pr"
"447";"GU";"F";"GUF";"TG";1.8;0.18;"0.10";"1.00";"1.00";"pr"
"448";"GU";"F";"GUF";"TG";1.29;0.05;"0.40";"0.95";"0.73";"pr"
"449";"GU";"F";"GUF";"TG";0.83;0.025;"0.11";"0.41";"0.55";"pr"
"450";"GU";"F";"GUF";"TG";1.45;0.035;"0.50";"1.00";"0.42";"pr"
"451";"GU";"F";"GUF";"TG";3;0.07;"0.50";"0.69";"1.00";"pr"
"452";"GU";"F";"GUF";"TG";1.25;0.075;"0.55";"0.75";"1.00";"pr"
"453";"GU";"F";"GUF";"TG";0.6;0.014;"0.07";"1.00";"0.50";"pr"
"454";"GU";"M";"GUM";"TG";1.3;0.1;"1.00";"1.00";"0.50";"pr"
"455";"GU";"M";"GUM";"TG";2.32;0.4;".";".";".";"pr"
"456";"GU";"M";"GUM";"TG";3;0.2;".";".";".";"pr"
"457";"GU";"M";"GUM";"TG";1;0.04;".";".";".";"pr"
"458";"GU";"M";"GUM";"TG";1.5;0.068;".";".";".";"pr"
"459";"GU";"M";"GUM";"TG";0.37;0.26;"0.13";"0.18";"0.15";"pr"
"460";"GU";"M";"GUM";"TG";2;0.15;"0.30";"0.70";"0.50";"pr"
"461";"GU";"M";"GUM";"TG";3;0.035;"0.40";"0.50";"0.45";"pr"
"462";"GU";"M";"GUM";"TG";1.14;0.14;"0.32";"0.69";"0.83";"pr"
"463";"GU";"M";"GUM";"TG";3;0.11;"1.00";"1.00";"1.00";"pr"
"464";"GU";"M";"GUM";"TG";0.46;0.015;"0.13";"0.37";"0.35";"pr"
"465";"GU";"M";"GUM";"TG";2;0.1;"0.08";"0.42";"1.00";"pr"
"466";"GU";"M";"GUM";"TG";1.02;0.125;"0.79";"1.00";"0.95";"pr"
"467";"GU";"M";"GUM";"TG";1.32;0.17;"0.60";"1.00";"1.00";"pr"
"468";"GU";"M";"GUM";"TG";2;0.12;"0.80";"1.00";"1.00";"pr"
"469";"GU";"M";"GUM";"TG";0.51;0.79;"0.56";"0.74";"0.65";"pr"
"470";"GU";"M";"GUM";"TG";0.92;0.14;"0.23";"0.13";"0.36";"pr"
"471";"GU";"M";"GUM";"TG";1.15;0.97;"0.22";"0.47";"1.00";"pr"
"472";"GU";"M";"GUM";"TG";0.84;0.079;"0.33";"1.00";"0.46";"pr"
"473";"GU";"M";"GUM";"TG";1.52;0.27;"0.18";"0.09";"0.16";"pr"
"474";"GU";"M";"GUM";"TG";1.35;0.2;"0.32";"0.48";"0.39";"pr"
"475";"GU";"M";"GUM";"TG";1.8;0.16;"0.16";"0.90";"1.00";"pr"
"476";"GU";"M";"GUM";"TG";1.12;0.22;"0.40";"1.00";"0.48";"pr"
"477";"GU";"M";"GUM";"TG";1.39;0.065;"0.90";"0.89";"1.00";"pr"
"478";"GU";"M";"GUM";"TG";3.5;0.04;"0.12";"0.43";"1.00";"pr"
"479";"GU";"M";"GUM";"TG";2;0.2;"0.27";"0.25";"0.14";"pr"
"480";"GU";"M";"GUM";"TG";1.5;0.02;"1.00";"1.00";"0.40";"pr"
"481";"GU";"M";"GUM";"TG";2.3;0.17;"1.00";"1.00";"1.00";"pr"
"482";"GU";"M";"GUM";"TG";3.5;0.16;"1.00";"1.00";"0.80";"pr"
"483";"GU";"M";"GUM";"TG";1.8;0.08;"0.36";"0.32";"0.31";"pr"
"484";"GU";"M";"GUM";"TG";2.4;0.02;"0.68";"0.14";"0.43";"pr"
"485";"GU";"M";"GUM";"TG";1.5;0.18;"0.21";"0.64";"1.00";"pr"
"486";"GU";"M";"GUM";"TG";0.76;0.105;"1.00";"1.00";"0.45";"pr"
"487";"GU";"M";"GUM";"TG";3.4;0.045;"0.59";"1.00";"1.00";"pr"
"488";"GU";"M";"GUM";"TG";0.76;0.015;"1.00";"0.21";"0.37";"pr"
"489";"GU";"M";"GUM";"TG";1.5;0.11;"0.63";"0.56";"0.58";"pr"
"490";"GU";"M";"GUM";"TG";1.87;0.16;"1.00";"1.00";"0.82";"pr"
"491";"GU";"M";"GUM";"TG";1.51;0.26;"0.57";"0.41";"0.42";"pr"
"492";"GU";"M";"GUM";"TG";2.2;0.09;"0.20";"0.23";"0.45";"pr"
"493";"GU";"M";"GUM";"TG";0.99;0.11;"0.32";"0.40";"0.30";"pr"
"494";"GU";"M";"GUM";"TG";2.7;0.26;"0.61";"0.23";"1.00";"pr"
"495";"GU";"M";"GUM";"TG";1.01;0.03;"0.06";"0.18";"0.47";"pr"
"496";"GU";"M";"GUM";"TG";1.45;0.13;"0.09";"0.12";"0.14";"pr"
"497";"GU";"M";"GUM";"TG";1.51;0.06;"0.34";"0.18";"0.52";"pr"
"498";"GU";"M";"GUM";"TG";1.72;0.19;"0.67";"0.56";"0.55";"pr"
"499";"GU";"M";"GUM";"TG";0.65;0.011;"0.23";"0.08";"0.29";"pr"
"500";"GU";"M";"GUM";"TG";1.2;0.21;"0.86";"1.00";"1.00";"pr"
"501";"GU";"M";"GUM";"TG";2.35;0.19;"0.27";"1.00";"0.22";"pr"
"502";"GU";"M";"GUM";"TG";1.33;0.25;"1.00";"0.47";"0.38";"pr"
"503";"GU";"M";"GUM";"TG";1.05;0.102;"0.22";"1.00";"0.47";"pr"
"504";"GU";"M";"GUM";"TG";1.63;0.47;"1.00";"1.00";"1.00";"pr"
"505";"GU";"M";"GUM";"TG";1.6;0.025;"1.00";"1.00";"0.66";"pr"
"506";"GU";"M";"GUM";"TG";1.55;0.05;"0.42";"1.00";"0.18";"pr"
"507";"GU";"M";"GUM";"TG";0.97;0.02;"0.76";"1.00";"0.29";"pr"
"508";"GU";"M";"GUM";"TG";3.5;0.05;"0.10";"1.00";"1.00";"pr"
"509";"GU";"M";"GUM";"TG";1.04;0.04;"0.16";"0.83";"0.31";"pr"
"510";"GU";"M";"GUM";"TG";2.1;0.21;"0.10";"0.85";"0.47";"pr"
"511";"GU";"M";"GUM";"TG";3;0.09;"0.20";"1.00";"0.15";"pr"
"512";"GU";"M";"GUM";"TG";1.2;0.74;"0.24";"0.30";"0.18";"pr"
"513";"GU";"M";"GUM";"TG";1.45;0.18;"0.95";"1.00";"1.00";"pr"
"514";"KR";"F";"KRF";"GB";1.25;0.07;"0.04";"0.24";"0.37";"pr"
"515";"KR";"F";"KRF";"GB";0.55;0.15;"0.14";"0.32";"0.12";"pr"
"516";"KR";"F";"KRF";"GB";0.62;0.07;"0.01";"0.52";"1.00";"pr"
"517";"KR";"F";"KRF";"GB";0.77;0.09;"0.08";"0.51";"1.00";"pr"
"518";"KR";"F";"KRF";"GB";0.8;0.052;"0.01";"1.00";"0.25";"pr"
"519";"KR";"F";"KRF";"GB";1.6;0.009;"0.24";"0.36";"1.00";"pr"
"520";"KR";"F";"KRF";"GB";3;0.015;"0.03";"0.03";"1.00";"pr"
"521";"KR";"F";"KRF";"GB";1.15;0.002;"0.02";"0.15";"0.18";"pr"
"522";"KR";"F";"KRF";"GB";3.5;0.3;"0.02";"0.70";"1.00";"pr"
"523";"KR";"F";"KRF";"GB";0;0;"0.13";"0.26";"0.26";"pr"
"524";"KR";"F";"KRF";"GB";0.53;0.02;"0.02";"0.33";"0.31";"pr"
"525";"KR";"F";"KRF";"GB";0.18;0.002;"0.03";"0.59";"1.00";"pr"
"526";"KR";"F";"KRF";"GB";1.62;0.013;"0.05";"0.50";"1.00";"pr"
"527";"KR";"F";"KRF";"GB";0.5;0.008;"0.07";"0.14";"1.00";"pr"
"528";"KR";"F";"KRF";"GB";0.5;0.08;"0.09";"0.25";"0.40";"pr"
"529";"KR";"F";"KRF";"GB";0.88;0.074;"0.21";"1.00";"1.00";"pr"
"530";"KR";"F";"KRF";"GB";0.3;0.12;"0.22";"0.11";"0.19";"pr"
"531";"KR";"F";"KRF";"GB";1.45;0.006;"0.31";"0.98";"0.59";"pr"
"532";"KR";"F";"KRF";"GB";0.63;0.02;"0.21";"0.14";"0.28";"pr"
"533";"KR";"F";"KRF";"GB";1.75;0.005;"0.32";"0.48";"1.00";"pr"
"534";"KR";"F";"KRF";"GB";0.28;0.032;"0.28";"1.00";"1.00";"pr"
"535";"KR";"F";"KRF";"GB";0.46;0.024;"0.13";"1.00";"1.00";"pr"
"536";"KR";"F";"KRF";"GB";0.45;0.005;"0.10";"1.00";"1.00";"pr"
"537";"KR";"F";"KRF";"GB";0.42;0.007;"0.26";"0.28";"0.29";"pr"
"538";"KR";"F";"KRF";"GB";0.22;0.003;"0.09";"1.00";"1.00";"pr"
"539";"KR";"F";"KRF";"GB";0.9;0.008;"0.20";"0.35";"0.75";"pr"
"540";"KR";"F";"KRF";"GB";0.46;0.5;"0.06";"1.00";"0.38";"pr"
"541";"KR";"F";"KRF";"GB";0.54;0.015;"0.09";"1.00";"1.00";"pr"
"542";"KR";"F";"KRF";"GB";0.36;0.005;"0.05";"1.00";"1.00";"pr"
"543";"KR";"F";"KRF";"GB";0.35;0.004;"0.08";"1.00";"1.00";"pr"
"544";"KR";"F";"KRF";"GB";2;0.005;"0.07";"0.20";"1.00";"pr"
"545";"KR";"F";"KRF";"GB";0.2;0.01;"0.08";"0.20";"0.05";"pr"
"546";"KR";"F";"KRF";"GB";0.3;0.011;"0.15";"0.23";"0.80";"pr"
"547";"KR";"F";"KRF";"GB";0.38;0.018;"0.08";"0.13";"0.82";"pr"
"548";"KR";"F";"KRF";"GB";0.24;0.013;"0.07";"1.00";"1.00";"pr"
"549";"KR";"M";"KRM";"GB";0;0;"0.20";"1.00";"1.00";"pr"
"550";"KR";"M";"KRM";"GB";0.25;0.09;"0.10";"0.25";"1.00";"pr"
"551";"KR";"M";"KRM";"GB";1.82;0.015;"0.02";"0.12";"0.40";"pr"
"552";"KR";"M";"KRM";"GB";0.54;0.025;"0.02";"1.00";"0.54";"pr"
"553";"KR";"M";"KRM";"GB";1.54;0.03;"0.04";"0.03";"0.10";"pr"
"554";"KR";"M";"KRM";"GB";1.27;0.115;"0.12";"0.33";"0.21";"pr"
"555";"KR";"M";"KRM";"GB";0.71;0.005;"0.04";"0.07";"1.00";"pr"
"556";"KR";"M";"KRM";"GB";3.5;0.26;"0.15";"1.00";"1.00";"pr"
"557";"KR";"M";"KRM";"GB";1.03;0.01;"0.04";"1.00";"1.00";"pr"
"558";"KR";"M";"KRM";"GB";0.4;0.006;"0.08";"0.22";"1.00";"pr"
"559";"KR";"M";"KRM";"GB";0.24;0.009;"0.05";"1.00";"1.00";"pr"
"560";"KR";"M";"KRM";"GB";0.4;0.01;"0.05";"0.51";"1.00";"pr"
"561";"KR";"M";"KRM";"GB";0.24;0.011;"0.02";"1.00";"1.00";"pr"
"562";"KR";"M";"KRM";"GB";0.022;0.035;"0.04";"0.05";"1.00";"pr"
"563";"KR";"M";"KRM";"GB";1.18;0.09;"0.38";"1.00";"0.35";"pr"
"564";"KR";"M";"KRM";"GB";1.65;0.41;"0.75";"1.00";"1.00";"pr"
"565";"KR";"M";"KRM";"GB";0.7;0.068;"0.06";"1.00";"0.44";"pr"
"566";"KR";"M";"KRM";"GB";1.45;0.013;"0.33";"0.07";"1.00";"pr"
"567";"KR";"M";"KRM";"GB";0.45;0.015;"0.02";"0.68";"1.00";"pr"
"568";"KR";"M";"KRM";"GB";0.72;0.08;"0.32";"1.00";"0.56";"pr"
"569";"KR";"M";"KRM";"GB";1.54;0.49;"1.00";"1.00";"1.00";"pr"
"570";"KR";"M";"KRM";"GB";2.4;0.04;"0.16";"0.24";"0.43";"pr"
"571";"KR";"M";"KRM";"GB";1.94;0.007;"0.100";"0.49";"1.00";"pr"
"572";"KR";"M";"KRM";"GB";0.21;0.04;"0.100";"1.00";"0.14";"pr"
"573";"KR";"M";"KRM";"GB";0.59;0.016;"0.160";"0.26";"0.27";"pr"
"574";"KR";"M";"KRM";"GB";0.5;0.008;"0.090";"0.25";"0.40";"pr"
"575";"KR";"M";"KRM";"GB";0.28;0.05;"0.120";"1.00";"1.00";"pr"
"576";"KR";"M";"KRM";"GB";1.12;0.014;"0.070";"0.19";"0.38";"pr"
"577";"KR";"M";"KRM";"GB";0.65;0.015;"0.260";"1.00";"0.52";"pr"
"578";"KR";"M";"KRM";"GB";0.19;0.009;"0.050";"1.00";"0.06";"pr"
"579";"KR";"M";"KRM";"GB";1.2;0.14;"0.320";"1.00";"0.26";"pr"
"580";"KR";"M";"KRM";"GB";0.7;0.002;"0.050";"1.00";"1.00";"pr"
"581";"KR";"M";"KRM";"GB";0.24;0.01;"0.090";"1.00";"1.00";"pr"
"582";"KR";"M";"KRM";"GB";0.47;0.02;"0.100";"1.00";"1.00";"pr"
"583";"KR";"M";"KRM";"GB";0.56;0.015;"0.170";"0.49";"0.45";"pr"
"584";"KR";"M";"KRM";"GB";0.7;0.3;"0.120";"0.80";"0.77";"pr"
"585";"KR";"M";"KRM";"GB";0.58;0.018;"0.100";"1.00";"0.90";"pr"
"586";"KR";"M";"KRM";"GB";1.2;0.2;"0.300";"0.70";"1.00";"pr"
"587";"KR";"M";"KRM";"GB";1;0.009;"0.090";"0.77";"1.00";"pr"
"588";"KR";"M";"KRM";"GB";0.52;0.01;"0.130";"0.27";"1.00";"pr"
"589";"KR";"M";"KRM";"GB";1.4;0.002;"0.300";"1.00";"0.95";"pr"
"590";"KR";"M";"KRM";"GB";0.75;0.3;"0.120";"0.35";"1.00";"pr"
"591";"KR";"M";"KRM";"GB";1;0.3;"0.350";"1.00";"1.00";"pr"
"592";"KR";"M";"KRM";"GB";0.28;0.004;"0.120";"1.00";"1.00";"pr"
"593";"KR";"M";"KRM";"GB";1.25;0.005;"0.120";"0.10";"0.20";"pr"
"594";"KR";"M";"KRM";"GB";1.55;0.002;"0.050";"0.25";"1.00";"pr"
"595";"KR";"M";"KRM";"GB";1.5;0.005;"0.120";"1.00";"1.00";"pr"
"596";"LI";"F";"LIF";"TG";0.42;0.13;"0.180";"0.13";"0.13";"jamaica"
"597";"LI";"F";"LIF";"TG";0.41;0.02;"0.160";"0.17";"0.23";"jamaica"
"598";"LI";"F";"LIF";"TG";0.47;0.04;"0.070";"0.26";"0.56";"jamaica"
"599";"LI";"F";"LIF";"TG";0.62;0.01;"0.005";"0.28";"0.62";"jamaica"
"600";"LI";"F";"LIF";"TG";0.68;0.01;"0.005";"0.04";"0.15";"jamaica"
"601";"LI";"F";"LIF";"TG";0.51;0.15;"0.200";"0.05";"0.22";"jamaica"
"602";"LI";"F";"LIF";"TG";0.32;0.04;"0.230";"0.12";"0.14";"jamaica"
"603";"LI";"F";"LIF";"TG";0;0;"0.050";"0.33";"0.39";"jamaica"
"604";"LI";"F";"LIF";"TG";0.06;0.09;"0.490";"0.20";"0.23";"jamaica"
"605";"LI";"F";"LIF";"TG";0.04;0.03;"0.060";"0.01";"0.01";"jamaica"
"606";"LI";"F";"LIF";"TG";0.32;0.3;"0.320";"0.32";"0.58";"jamaica"
"607";"LI";"F";"LIF";"TG";0.3;0.04;"0.220";"0.11";"0.13";"jamaica"
"608";"LI";"F";"LIF";"TG";0.07;0.05;"0.390";"0.06";"0.09";"jamaica"
"609";"LI";"F";"LIF";"TG";0.18;0.06;"0.290";"0.10";"0.15";"jamaica"
"610";"LI";"F";"LIF";"TG";0.87;0.02;"0.050";"0.60";"0.13";"jamaica"
"611";"LI";"F";"LIF";"TG";0.31;0.08;"0.150";"0.31";"0.20";"jamaica"
"612";"LI";"F";"LIF";"TG";0.11;0.06;"0.080";"0.17";"0.30";"jamaica"
"613";"LI";"F";"LIF";"TG";0;0;"0.230";"0.46";"0.22";"jamaica"
"614";"LI";"F";"LIF";"TG";0.33;0.22;"0.530";"0.65";"0.81";"jamaica"
"615";"LI";"F";"LIF";"TG";0.3;0.005;"0.090";"0.34";"0.40";"jamaica"
"616";"LI";"F";"LIF";"TG";0.28;0.03;"0.230";"0.10";"0.52";"jamaica"
"617";"LI";"F";"LIF";"TG";1.01;0.035;"0.200";"0.94";"1.00";"jamaica"
"618";"LI";"F";"LIF";"TG";1.18;0.09;"0.200";"0.09";"0.19";"jamaica"
"619";"LI";"F";"LIF";"TG";0.56;0.04;"0.110";"0.15";"1.00";"jamaica"
"620";"LI";"F";"LIF";"TG";0.6;0.13;"0.060";"0.12";"0.31";"jamaica"
"621";"LI";"F";"LIF";"TG";0.1;0.07;"0.110";"0.37";"0.21";"jamaica"
"622";"LI";"F";"LIF";"TG";0.61;0.06;"0.710";"0.69";"0.44";"jamaica"
"623";"LI";"F";"LIF";"TG";0.6;0.1;"0.530";"0.16";"0.16";"jamaica"
"624";"LI";"F";"LIF";"TG";0.62;0.145;"0.150";"0.28";"0.48";"jamaica"
"625";"LI";"F";"LIF";"TG";0.04;0.155;"0.600";"0.42";"0.38";"jamaica"
"626";"LI";"F";"LIF";"TG";0.34;0.11;"0.240";"0.14";"0.33";"jamaica"
"627";"LI";"F";"LIF";"TG";1.12;0.1;"0.340";"0.14";"0.11";"jamaica"
"628";"LI";"F";"LIF";"TG";0.58;0.03;"0.16";"0.19";"0.53";"jamaica"
"629";"LI";"F";"LIF";"TG";0.62;0.015;"0.06";"0.31";"0.39";"jamaica"
"630";"LI";"F";"LIF";"TG";0.22;0.02;"0.08";"0.28";"0.50";"jamaica"
"631";"LI";"F";"LIF";"TG";1.24;0.03;"1.00";"0.08";"0.39";"jamaica"
"632";"LI";"F";"LIF";"TG";0.23;0.027;"0.08";"0.22";"0.12";"jamaica"
"633";"LI";"F";"LIF";"TG";0.83;0.034;"0.33";"0.68";"0.69";"jamaica"
"634";"LI";"F";"LIF";"TG";0.39;0.017;"0.20";"0.24";"0.37";"jamaica"
"635";"LI";"F";"LIF";"TG";0.49;0.021;"0.30";"0.25";"0.22";"jamaica"
"636";"LI";"F";"LIF";"TG";0.18;0.064;"0.51";"0.50";"0.49";"jamaica"
"637";"LI";"F";"LIF";"TG";0.033;0.25;"0.18";"0.40";"0.57";"jamaica"
"638";"LI";"F";"LIF";"TG";0.48;0.071;"0.33";"1.00";"0.15";"jamaica"
"639";"LI";"F";"LIF";"TG";0.37;0.048;"0.22";"0.75";"0.04";"jamaica"
"640";"LI";"F";"LIF";"TG";0.31;0.014;"0.16";"0.36";"0.17";"jamaica"
"641";"LI";"F";"LIF";"TG";0.41;0.094;"0.14";"0.46";"0.13";"jamaica"
"642";"LI";"F";"LIF";"TG";0.67;0.031;"0.19";"0.05";"0.31";"jamaica"
"643";"LI";"F";"LIF";"TG";0.39;0.021;"0.06";"0.04";"0.48";"jamaica"
"644";"LI";"F";"LIF";"TG";0.61;0.009;"0.42";"0.36";"0.11";"jamaica"
"645";"LI";"F";"LIF";"TG";0.4;0.02;"0.11";"0.17";"0.78";"jamaica"
"646";"LI";"F";"LIF";"TG";1.4;0.025;"0.09";"0.19";"0.15";"jamaica"
"647";"LI";"F";"LIF";"TG";0.3;0.05;"0.43";"1.00";"0.74";"jamaica"
"648";"LI";"F";"LIF";"TG";0.52;0.05;"0.08";"0.12";"0.25";"jamaica"
"649";"LI";"F";"LIF";"TG";0.26;0.02;"0.10";"0.13";"0.10";"jamaica"
"650";"LI";"F";"LIF";"TG";0.88;0.065;"0.46";"0.68";"0.14";"jamaica"
"651";"LI";"F";"LIF";"TG";0.4;0.02;"0.08";"0.20";"0.30";"jamaica"
"652";"LI";"F";"LIF";"TG";1.5;0.05;"0.18";"0.30";"0.12";"jamaica"
"653";"LI";"F";"LIF";"TG";1.85;0.09;"0.13";"0.54";"0.30";"jamaica"
"654";"LI";"F";"LIF";"TG";1.27;0.014;"0.20";"0.07";"0.19";"jamaica"
"655";"LI";"F";"LIF";"TG";0.88;0.004;"0.05";"0.29";"0.25";"jamaica"
"656";"LI";"F";"LIF";"TG";0.55;0.015;"0.10";"0.10";"0.75";"jamaica"
"657";"LI";"F";"LIF";"TG";0.69;0.015;"0.20";"0.40";"0.82";"jamaica"
"658";"LI";"F";"LIF";"TG";0.68;0.027;"0.08";"0.06";"0.50";"jamaica"
"659";"LI";"F";"LIF";"TG";0.52;0.065;"0.08";"0.15";"0.32";"jamaica"
"660";"LI";"F";"LIF";"TG";0.37;0.055;"0.16";"0.46";"0.57";"jamaica"
"661";"LI";"M";"LIM";"TG";0.63;0.14;"0.01";"0.11";"0.22";"jamaica"
"662";"LI";"M";"LIM";"TG";0.54;0.03;"0.01";"0.10";"0.68";"jamaica"
"663";"LI";"M";"LIM";"TG";0.22;0.02;"0.02";"0.02";"0.15";"jamaica"
"664";"LI";"M";"LIM";"TG";3;0.08;"0.02";"0.50";"0.27";"jamaica"
"665";"LI";"M";"LIM";"TG";0.58;0.05;"0.17";"0.02";"0.53";"jamaica"
"666";"LI";"M";"LIM";"TG";1.53;0.08;"0.08";"0.17";"0.94";"jamaica"
"667";"LI";"M";"LIM";"TG";0.51;0.1;"0.20";"0.02";"0.13";"jamaica"
"668";"LI";"M";"LIM";"TG";0.51;0.04;"0.05";"0.27";"0.51";"jamaica"
"669";"LI";"M";"LIM";"TG";0.1;0.07;"0.04";"0.09";"0.05";"jamaica"
"670";"LI";"M";"LIM";"TG";0.36;0.08;"0.42";"0.29";"0.28";"jamaica"
"671";"LI";"M";"LIM";"TG";2.75;0.13;"0.85";"0.93";"0.32";"jamaica"
"672";"LI";"M";"LIM";"TG";0;0;"0.65";"0.09";"0.58";"jamaica"
"673";"LI";"M";"LIM";"TG";0.56;0.01;"0.14";"0.10";"0.28";"jamaica"
"674";"LI";"M";"LIM";"TG";0.13;0.04;"0.04";"0.07";"0.22";"jamaica"
"675";"LI";"M";"LIM";"TG";0.23;0.065;"0.09";"0.06";"0.31";"jamaica"
"676";"LI";"M";"LIM";"TG";0.95;0.025;"0.12";"0.38";"0.20";"jamaica"
"677";"LI";"M";"LIM";"TG";0.91;0.08;"0.12";"0.18";"0.22";"jamaica"
"678";"LI";"M";"LIM";"TG";0.69;0.014;"0.22";"0.12";"0.31";"jamaica"
"679";"LI";"M";"LIM";"TG";0.59;0.13;"0.29";"0.30";"0.33";"jamaica"
"680";"LI";"M";"LIM";"TG";1.11;0.145;"0.45";"0.66";"0.44";"jamaica"
"681";"LI";"M";"LIM";"TG";0.22;0.025;"0.12";"0.15";"0.12";"jamaica"
"682";"LI";"M";"LIM";"TG";0.12;0.007;"0.02";"0.14";"0.12";"jamaica"
"683";"LI";"M";"LIM";"TG";1.1;0.04;"0.40";"0.18";"0.06";"jamaica"
"684";"LI";"M";"LIM";"TG";1.06;0.055;"0.29";"0.50";"0.31";"jamaica"
"685";"LI";"M";"LIM";"TG";0.46;0.1;"0.15";"0.27";"0.90";"jamaica"
"686";"LI";"M";"LIM";"TG";0;0;"0.11";"0.32";"0.39";"jamaica"
"687";"LI";"M";"LIM";"TG";1.31;0.018;"0.07";"0.06";"0.12";"jamaica"
"688";"LI";"M";"LIM";"TG";1.32;0.11;"0.10";"0.35";"0.31";"jamaica"
"689";"LI";"M";"LIM";"TG";0.68;0.006;"0.02";"0.38";"0.49";"jamaica"
"690";"LI";"M";"LIM";"TG";1.6;0.21;"0.23";"0.24";"0.28";"jamaica"
"691";"LI";"M";"LIM";"TG";1.25;0.023;"0.05";"0.27";"0.04";"jamaica"
"692";"LI";"M";"LIM";"TG";0.9;0.021;"0.24";"0.06";"0.30";"jamaica"
"693";"LI";"M";"LIM";"TG";0.94;0.048;"0.13";"0.14";"0.28";"jamaica"
"694";"LI";"M";"LIM";"TG";0.41;0.008;"0.04";"0.27";"0.16";"jamaica"
"695";"LI";"M";"LIM";"TG";1.36;0.03;"0.73";"0.90";"0.65";"jamaica"
"696";"LI";"M";"LIM";"TG";1.24;0.019;"0.10";"0.14";"0.53";"jamaica"
"697";"LI";"M";"LIM";"TG";0.49;0.02;"0.24";"0.42";"0.04";"jamaica"
"698";"LI";"M";"LIM";"TG";1.64;0.082;"0.09";"0.11";"0.32";"jamaica"
"699";"LI";"M";"LIM";"TG";0.33;0.018;"0.07";"0.06";"0.04";"jamaica"
"700";"LI";"M";"LIM";"TG";1.14;0.07;"0.06";"0.30";"0.13";"jamaica"
"701";"LI";"M";"LIM";"TG";1.7;0.05;"0.10";"0.49";"0.11";"jamaica"
"702";"LI";"M";"LIM";"TG";0.8;0.03;"0.13";"0.12";"0.60";"jamaica"
"703";"LI";"M";"LIM";"TG";0.9;0.08;"0.65";"1.00";"0.29";"jamaica"
"704";"LI";"M";"LIM";"TG";0.7;0.065;"0.23";"0.72";"0.24";"jamaica"
"705";"LI";"M";"LIM";"TG";0.91;0.04;"0.12";"0.08";"0.12";"jamaica"
"706";"LI";"M";"LIM";"TG";0.28;0.013;"0.47";"0.50";"0.75";"jamaica"
"707";"LI";"M";"LIM";"TG";0.83;0.018;"0.12";"0.14";"0.15";"jamaica"
"708";"LI";"M";"LIM";"TG";0.6;0.013;"0.15";"0.27";"0.24";"jamaica"
"709";"LI";"M";"LIM";"TG";0.98;0.06;"0.08";"0.05";"0.20";"jamaica"
"710";"LI";"M";"LIM";"TG";2;0.12;"0.30";"0.35";"0.28";"jamaica"
"711";"LI";"M";"LIM";"TG";0.46;0.05;"0.31";"0.18";"0.13";"jamaica"
"712";"LI";"M";"LIM";"TG";0.48;0.07;"0.09";"0.96";"1.00";"jamaica"
"713";"OP";"F";"OPF";"TC";0.13;0.065;"0.07";"0.25";"0.10";"jamaica"
"714";"OP";"F";"OPF";"TC";1.75;0.052;"0.36";"0.40";"0.29";"jamaica"
"715";"OP";"F";"OPF";"TC";0.7;0.075;"0.06";"0.49";"0.20";"jamaica"
"716";"OP";"F";"OPF";"TC";1.65;0.04;"0.20";"0.09";"0.25";"jamaica"
"717";"OP";"F";"OPF";"TC";0.53;0.1;"0.49";"0.56";"0.12";"jamaica"
"718";"OP";"F";"OPF";"TC";1.36;0.11;"0.20";"0.18";"0.14";"jamaica"
"719";"OP";"F";"OPF";"TC";1.43;0.1;"0.35";"0.15";"0.13";"jamaica"
"720";"OP";"F";"OPF";"TC";1.19;0.007;"0.05";"0.14";"0.42";"jamaica"
"721";"OP";"F";"OPF";"TC";1.99;0.24;"0.49";"0.61";"1.00";"jamaica"
"722";"OP";"F";"OPF";"TC";0.48;0.65;"0.32";"0.60";"0.33";"jamaica"
"723";"OP";"F";"OPF";"TC";0.14;0.003;"0.01";"0.35";"0.70";"jamaica"
"724";"OP";"F";"OPF";"TC";0.25;0.085;"0.15";"0.32";"0.15";"jamaica"
"725";"OP";"F";"OPF";"TC";0.12;0.04;"0.49";"0.88";"0.08";"jamaica"
"726";"OP";"F";"OPF";"TC";3.08;0.22;"1.00";"1.00";"0.35";"jamaica"
"727";"OP";"F";"OPF";"TC";3.74;0.14;"0.10";"0.06";"0.27";"jamaica"
"728";"OP";"F";"OPF";"TC";3.25;0.057;"0.13";"0.30";"1.00";"jamaica"
"729";"OP";"F";"OPF";"TC";2.28;0.029;"0.04";"0.85";"0.06";"jamaica"
"730";"OP";"F";"OPF";"TC";0.57;0.02;"0.12";"0.10";"0.05";"jamaica"
"731";"OP";"F";"OPF";"TC";0.82;0.075;"0.08";"0.34";"0.39";"jamaica"
"732";"OP";"F";"OPF";"TC";3.8;0.15;"1.00";"1.00";"0.74";"jamaica"
"733";"OP";"F";"OPF";"TC";1.24;0.074;"0.79";"0.45";"0.25";"jamaica"
"734";"OP";"F";"OPF";"TC";2.3;0.026;"0.52";"0.67";"0.14";"jamaica"
"735";"OP";"F";"OPF";"TC";1.32;0.027;"0.48";"0.40";"0.39";"jamaica"
"736";"OP";"F";"OPF";"TC";0.7;0.083;"0.29";"0.43";"0.41";"jamaica"
"737";"OP";"F";"OPF";"TC";1.55;0.045;"0.07";"0.15";"0.06";"jamaica"
"738";"OP";"F";"OPF";"TC";3.25;0.065;"0.04";"0.06";"0.50";"jamaica"
"739";"OP";"F";"OPF";"TC";0.41;0.055;"0.13";"0.70";"0.19";"jamaica"
"740";"OP";"F";"OPF";"TC";0.76;0.008;"0.06";"0.16";"0.32";"jamaica"
"741";"OP";"F";"OPF";"TC";6.2;0.18;"0.12";"1.00";"1.00";"jamaica"
"742";"OP";"F";"OPF";"TC";0.62;0.1;"0.11";"0.260";"0.280";"jamaica"
"743";"OP";"F";"OPF";"TC";2.5;0.014;"0.20";"0.230";"1.000";"jamaica"
"744";"OP";"F";"OPF";"TC";0.84;0.075;"0.25";"0.530";"0.400";"jamaica"
"745";"OP";"F";"OPF";"TC";1.46;0.008;"0.03";"0.150";"0.200";"jamaica"
"746";"OP";"F";"OPF";"TC";2;0.06;"0.18";"0.310";"0.240";"jamaica"
"747";"OP";"F";"OPF";"TC";2;0.12;"1.00";"1.000";"0.250";"jamaica"
"748";"OP";"F";"OPF";"TC";2.01;0.04;"0.77";"0.670";"0.230";"jamaica"
"749";"OP";"M";"OPM";"TC";2.3;0.052;"0.13";"0.050";"0.410";"jamaica"
"750";"OP";"M";"OPM";"TC";1.49;0.105;"0.11";"0.120";"0.150";"jamaica"
"751";"OP";"M";"OPM";"TC";1.56;0.014;"0.07";"0.750";"0.330";"jamaica"
"752";"OP";"M";"OPM";"TC";1.04;0.095;"0.46";"0.090";"0.170";"jamaica"
"753";"OP";"M";"OPM";"TC";0.84;0.085;"0.32";"0.560";"0.220";"jamaica"
"754";"OP";"M";"OPM";"TC";1.17;0.05;"0.20";"0.180";"0.160";"jamaica"
"755";"OP";"M";"OPM";"TC";1.87;0.065;"0.13";"0.580";"0.130";"jamaica"
"756";"OP";"M";"OPM";"TC";1.03;0.054;"0.12";"0.130";"0.600";"jamaica"
"757";"OP";"M";"OPM";"TC";1.33;0.075;"0.09";"0.220";"0.260";"jamaica"
"758";"OP";"M";"OPM";"TC";2.2;0.065;"0.11";"0.250";"0.230";"jamaica"
"759";"OP";"M";"OPM";"TC";1.35;0.085;"0.16";"0.380";"0.310";"jamaica"
"760";"OP";"M";"OPM";"TC";0.67;0.032;"0.21";"0.440";"0.070";"jamaica"
"761";"OP";"M";"OPM";"TC";1.5;0.3;"0.99";"1.000";"1.000";"jamaica"
"762";"OP";"M";"OPM";"TC";2.58;0.057;"0.51";"0.380";"1.000";"jamaica"
"763";"OP";"M";"OPM";"TC";1.35;0.021;"0.14";"0.380";"0.360";"jamaica"
"764";"OP";"M";"OPM";"TC";2.63;0.052;"0.10";"0.150";"0.240";"jamaica"
"765";"OP";"M";"OPM";"TC";2.61;0.047;"0.70";"0.720";"0.240";"jamaica"
"766";"OP";"M";"OPM";"TC";2.04;0.085;"0.18";"0.660";"0.140";"jamaica"
"767";"OP";"M";"OPM";"TC";2.1;0.09;"0.26";"0.170";"0.070";"jamaica"
"768";"OP";"M";"OPM";"TC";0.23;0.024;"0.29";"0.110";"1.000";"jamaica"
"769";"OP";"M";"OPM";"TC";2.1;0.077;"1.00";"0.790";"0.210";"jamaica"
"770";"OP";"M";"OPM";"TC";2.4;0.13;"0.38";"0.410";"0.370";"jamaica"
"771";"OP";"M";"OPM";"TC";1.07;0.09;"0.39";"0.900";"0.180";"jamaica"
"772";"OP";"M";"OPM";"TC";1.14;0.1;"0.28";"0.230";"1.000";"jamaica"
"773";"OP";"M";"OPM";"TC";0.84;0.086;"0.28";"0.250";"0.210";"jamaica"
"774";"OP";"M";"OPM";"TC";1.6;0.19;"0.30";"0.850";"0.980";"jamaica"
"775";"OP";"M";"OPM";"TC";5;0.07;"0.15";"0.250";"0.250";"jamaica"
"776";"OP";"M";"OPM";"TC";1.18;0.013;"0.04";"0.330";"0.420";"jamaica"
"777";"OP";"M";"OPM";"TC";3.1;0.21;"0.12";"0.400";"0.550";"jamaica"
"778";"OP";"M";"OPM";"TC";1.04;0.09;"0.16";"0.190";"0.250";"jamaica"
"779";"OP";"M";"OPM";"TC";1.51;0.017;"0.19";"0.310";"0.280";"jamaica"
"780";"OP";"M";"OPM";"TC";1.53;0.033;"0.84";"1.000";"0.330";"jamaica"
"781";"OP";"M";"OPM";"TC";1.92;0.22;"0.56";"0.560";"0.560";"jamaica"
"782";"OP";"M";"OPM";"TC";4.75;0.05;"0.12";"0.230";"0.550";"jamaica"
"783";"OP";"M";"OPM";"TC";1.57;0.27;"0.42";"1.000";"0.380";"jamaica"
"784";"OP";"M";"OPM";"TC";2.9;0.08;"0.07";"1.000";"0.280";"jamaica"
"785";"OP";"M";"OPM";"TC";2.4;0.32;"1.00";"1.000";"0.200";"jamaica"
"786";"PO";"F";"POF";"GB";0.39;0.02;"0.27";"0.040";"0.110";"pr"
"787";"PO";"F";"POF";"GB";0.165;0.06;"0.04";"1.000";"0.160";"pr"
"788";"PO";"F";"POF";"GB";0.17;0.004;"0.10";"1.000";"0.080";"pr"
"789";"PO";"F";"POF";"GB";0.37;0.028;"0.25";"0.040";"0.110";"pr"
"790";"PO";"F";"POF";"GB";0.34;0.007;"0.11";"0.070";"0.120";"pr"
"791";"PO";"F";"POF";"GB";0.41;0.007;"0.03";"0.015";"0.520";"pr"
"792";"PO";"F";"POF";"GB";0.54;0.003;"0.03";"0.230";"0.048";"pr"
"793";"PO";"F";"POF";"GB";0.004;0.24;"0.03";"0.210";"0.200";"pr"
"794";"PO";"F";"POF";"GB";0.038;0.029;"0.10";"0.130";"0.110";"pr"
"795";"PO";"F";"POF";"GB";0.65;0.028;"0.88";"0.790";"0.400";"pr"
"796";"PO";"F";"POF";"GB";0.58;0.02;"0.08";"1.000";"0.190";"pr"
"797";"PO";"F";"POF";"GB";0.53;0.009;"0.39";"0.300";"1.000";"pr"
"798";"PO";"F";"POF";"GB";0.23;0.02;"1.00";"0.340";"0.290";"pr"
"799";"PO";"F";"POF";"GB";0.46;0.04;"0.310";"0.140";"0.110";"pr"
"800";"PO";"F";"POF";"GB";0.08;0.2;"0.010";"1.000";"1.000";"pr"
"801";"PO";"F";"POF";"GB";0.32;0.007;"0.290";"0.045";"0.550";"pr"
"802";"PO";"F";"POF";"GB";0.055;0.03;"0.050";"1.000";"0.440";"pr"
"803";"PO";"F";"POF";"GB";0.21;0.045;"0.150";"1.000";"1.000";"pr"
"804";"PO";"F";"POF";"GB";0.16;0.003;"0.020";"1.000";"0.210";"pr"
"805";"PO";"F";"POF";"GB";0.25;0.002;"0.050";"1.000";"0.200";"pr"
"806";"PO";"F";"POF";"GB";0.31;0.005;"0.030";"0.140";"0.250";"pr"
"807";"PO";"F";"POF";"GB";0.51;0.005;"0.050";"1.000";"0.300";"pr"
"808";"PO";"F";"POF";"GB";0.39;0.016;"0.090";"0.170";"0.070";"pr"
"809";"PO";"F";"POF";"GB";0.2;0.03;"0.190";"1.000";"1.000";"pr"
"810";"PO";"F";"POF";"GB";0.24;0.011;"0.040";"0.170";"0.160";"pr"
"811";"PO";"F";"POF";"GB";0.19;0.017;"0.070";"0.030";"0.090";"pr"
"812";"PO";"F";"POF";"GB";0.35;0.021;"0.150";"0.200";"0.140";"pr"
"813";"PO";"M";"POM";"GB";0.47;0.03;"0.380";"0.140";"0.070";"pr"
"814";"PO";"M";"POM";"GB";0.21;0.015;"0.030";"0.100";"0.100";"pr"
"815";"PO";"M";"POM";"GB";0.17;0.015;"0.040";"0.070";"0.130";"pr"
"816";"PO";"M";"POM";"GB";0.44;0.015;"0.100";"0.100";"0.230";"pr"
"817";"PO";"M";"POM";"GB";0.48;0.025;"0.200";"0.030";"1.000";"pr"
"818";"PO";"M";"POM";"GB";0.19;0.01;"0.040";"0.060";"0.030";"pr"
"819";"PO";"M";"POM";"GB";0.25;0.015;"1.000";"0.130";"0.240";"pr"
"820";"PO";"M";"POM";"GB";0.31;0.012;"1.000";"0.010";"1.000";"pr"
"821";"PO";"M";"POM";"GB";0.28;0.014;"0.250";"0.040";"0.270";"pr"
"822";"PO";"M";"POM";"GB";0.09;0.001;"0.050";"0.043";"0.290";"pr"
"823";"PO";"M";"POM";"GB";0.54;0.008;"0.060";"0.460";"0.015";"pr"
"824";"PO";"M";"POM";"GB";0.46;0.008;"0.060";"0.070";"0.015";"pr"
"825";"PO";"M";"POM";"GB";0;0;"0.180";"0.015";"0.600";"pr"
"826";"PO";"M";"POM";"GB";0.01;0.07;"0.060";"0.240";"0.150";"pr"
"827";"PO";"M";"POM";"GB";0.39;0.013;"0.140";"0.230";"0.250";"pr"
"828";"PO";"M";"POM";"GB";0.01;0.58;"0.220";"0.270";"0.030";"pr"
"829";"PO";"M";"POM";"GB";0.34;0.01;"0.050";"0.050";"0.210";"pr"
"830";"PO";"M";"POM";"GB";0.49;0.027;"0.090";"0.110";"0.190";"pr"
"831";"PO";"M";"POM";"GB";0.42;0.038;"0.270";"0.270";"0.540";"pr"
"832";"PO";"M";"POM";"GB";0.48;0.02;"0.310";"0.440";"0.570";"pr"
"833";"PO";"M";"POM";"GB";0.41;0.048;"0.180";"0.260";"0.260";"pr"
"834";"PO";"M";"POM";"GB";0.22;1;"0.060";"0.180";"0.190";"pr"
"835";"PO";"M";"POM";"GB";0.45;0.8;"0.100";"0.480";"1.000";"pr"
"836";"PO";"M";"POM";"GB";0.23;1;"0.130";"0.190";"0.100";"pr"
"837";"PO";"M";"POM";"GB";0;0;"0.150";"0.750";"0.090";"pr"
"838";"PO";"M";"POM";"GB";0.1;0.018;"0.090";"0.170";"0.350";"pr"
"839";"PO";"M";"POM";"GB";0.31;0.018;"0.160";"0.110";"0.630";"pr"
"840";"PO";"M";"POM";"GB";0.15;0.02;"0.040";"0.230";"1.000";"pr"
"841";"PO";"M";"POM";"GB";0.17;0.045;"0.100";"0.200";"0.180";"pr"
"842";"PO";"M";"POM";"GB";0.36;0.016;"0.180";"1.000";"0.070";"pr"
"843";"PO";"M";"POM";"GB";0.2;0.045;"0.100";"0.120";"0.040";"pr"
"844";"PO";"M";"POM";"GB";0.31;0.012;"0.060";"0.100";"0.145";"pr"
"845";"PO";"M";"POM";"GB";0.295;0.04;"0.005";"0.062";"0.220";"pr"
"846";"PO";"M";"POM";"GB";0.325;0.029;"0.145";"0.215";"0.170";"pr"
"847";"PO";"M";"POM";"GB";0.38;0.022;"0.100";"0.060";"0.230";"pr"
"848";"PO";"M";"POM";"GB";0.35;0.035;"0.200";"0.060";"0.050";"pr"
"849";"PU";"F";"PUF";"GB";0.215;0.02;".";".";".";"pr"
"850";"PU";"F";"PUF";"GB";0.115;0.014;".";".";".";"pr"
"851";"PU";"F";"PUF";"GB";0.26;0.01;"0.010";"1.000";"1.000";"pr"
"852";"PU";"F";"PUF";"GB";0.4;0.05;"0.040";"0.230";"1.000";"pr"
"853";"PU";"F";"PUF";"GB";0.21;0.01;"0.050";"0.420";"1.000";"pr"
"854";"PU";"F";"PUF";"GB";0.49;0.052;"0.020";"0.280";"1.000";"pr"
"855";"PU";"F";"PUF";"GB";0.17;0.003;"0.030";"1.000";"1.000";"pr"
"856";"PU";"F";"PUF";"GB";0.2;0.003;"0.04";"1.000";"1.00";"pr"
"857";"PU";"F";"PUF";"GB";0.5;0.01;"0.07";"1.000";"1.00";"pr"
"858";"PU";"F";"PUF";"GB";0.14;0.004;"0.01";"1.000";"1.00";"pr"
"859";"PU";"F";"PUF";"GB";0.25;0.002;"0.02";"1.000";"1.00";"pr"
"860";"PU";"F";"PUF";"GB";0.15;0.004;"0.02";"1.000";"1.00";"pr"
"861";"PU";"F";"PUF";"GB";0.33;0.016;"0.07";"0.590";"1.00";"pr"
"862";"PU";"F";"PUF";"GB";0.34;0.004;"0.02";"1.000";"1.00";"pr"
"863";"PU";"F";"PUF";"GB";0.16;0.003;"0.05";"1.000";"1.00";"pr"
"864";"PU";"F";"PUF";"GB";0.09;0.013;"0.02";"1.000";"0.10";"pr"
"865";"PU";"F";"PUF";"GB";0.35;0.015;"0.09";"1.000";"1.00";"pr"
"866";"PU";"F";"PUF";"GB";0.3;0.009;"0.07";"0.260";"1.00";"pr"
"867";"PU";"F";"PUF";"GB";0.15;0.012;"0.05";"1.000";"1.00";"pr"
"868";"PU";"F";"PUF";"GB";0.4;0.02;".";".";".";"pr"
"869";"PU";"F";"PUF";"GB";0.3;0.014;"0.20";"1.000";"1.00";"pr"
"870";"PU";"F";"PUF";"GB";0.36;0.004;"0.13";"1.000";"1.00";"pr"
"871";"PU";"F";"PUF";"GB";0.45;0.01;"0.04";"1.000";"1.00";"pr"
"872";"PU";"F";"PUF";"GB";0.43;0.004;"0.09";"1.000";"1.00";"pr"
"873";"PU";"F";"PUF";"GB";0.08;0.001;"0.05";"0.530";"1.00";"pr"
"874";"PU";"F";"PUF";"GB";0.8;0.001;"0.05";"0.370";"1.00";"pr"
"875";"PU";"F";"PUF";"GB";0.29;0.004;"0.03";"1.000";"1.00";"pr"
"876";"PU";"F";"PUF";"GB";0.14;0.003;"0.04";"1.000";"1.00";"pr"
"877";"PU";"F";"PUF";"GB";0.31;0.003;"0.05";"1.000";"1.00";"pr"
"878";"PU";"F";"PUF";"GB";0.2;0.004;"0.05";"1.000";"1.00";"pr"
"879";"PU";"F";"PUF";"GB";0.2;0.002;"0.04";"1.000";"1.00";"pr"
"880";"PU";"F";"PUF";"GB";0.5;0.005;"0.05";"0.770";"1.00";"pr"
"881";"PU";"F";"PUF";"GB";0.26;0.006;"0.08";"0.400";"1.00";"pr"
"882";"PU";"F";"PUF";"GB";0.53;0.001;"0.03";"1.000";"1.00";"pr"
"883";"PU";"F";"PUF";"GB";0.1;0.001;"0.21";"1.000";"1.00";"pr"
"884";"PU";"F";"PUF";"GB";0.43;0.007;"0.05";"0.410";"1.00";"pr"
"885";"PU";"F";"PUF";"GB";0.52;0.002;"0.07";"1.000";"1.00";"pr"
"886";"PU";"F";"PUF";"GB";0.98;0.003;"0.07";"1.000";"1.00";"pr"
"887";"PU";"F";"PUF";"GB";0.11;0.002;"0.07";"1.000";"1.00";"pr"
"888";"PU";"F";"PUF";"GB";0.24;0.004;"0.05";"1.000";"1.00";"pr"
"889";"PU";"F";"PUF";"GB";0.52;0.003;"0.11";"1.000";"1.00";"pr"
"890";"PU";"F";"PUF";"GB";0.11;0.003;"0.04";"0.600";"0.32";"pr"
"891";"PU";"F";"PUF";"GB";0.1;0.002;"0.08";"1.000";"1.00";"pr"
"892";"PU";"F";"PUF";"GB";0.24;0.005;"0.03";"1.000";"1.00";"pr"
"893";"PU";"F";"PUF";"GB";0.06;0.004;"0.04";"1.000";"1.00";"pr"
"894";"PU";"M";"PUM";"GB";0.1;0.02;"1.00";"0.008";"1.00";"pr"
"895";"PU";"M";"PUM";"GB";0.76;0.148;".";".";".";"pr"
"896";"PU";"M";"PUM";"GB";0.5;0.15;".";".";".";"pr"
"897";"PU";"M";"PUM";"GB";0.41;0.003;".";".";".";"pr"
"898";"PU";"M";"PUM";"GB";0.25;0.05;"0.50";"1.000";"1.00";"pr"
"899";"PU";"M";"PUM";"GB";0.5;0.022;"0.01";"0.020";"0.08";"pr"
"900";"PU";"M";"PUM";"GB";1.85;0.08;"0.02";"0.190";"1.00";"pr"
"901";"PU";"M";"PUM";"GB";0.53;0.01;"0.04";"0.270";"0.74";"pr"
"902";"PU";"M";"PUM";"GB";0.41;0.01;"0.01";"1.000";"1.00";"pr"
"903";"PU";"M";"PUM";"GB";0.64;0.09;"0.05";"1.000";"1.00";"pr"
"904";"PU";"M";"PUM";"GB";0.29;0.03;"0.03";"0.240";"1.00";"pr"
"905";"PU";"M";"PUM";"GB";0.41;0.01;"0.01";"1.000";"1.00";"pr"
"906";"PU";"M";"PUM";"GB";0.275;0.008;"0.01";"1.000";"1.00";"pr"
"907";"PU";"M";"PUM";"GB";0.39;0.006;"0.04";"1.000";"0.24";"pr"
"908";"PU";"M";"PUM";"GB";0.3;0.018;"0.01";"0.120";"0.29";"pr"
"909";"PU";"M";"PUM";"GB";0.28;0.008;"0.01";"1.000";"1.00";"pr"
"910";"PU";"M";"PUM";"GB";0.8;0.06;"0.02";"1.000";"1.00";"pr"
"911";"PU";"M";"PUM";"GB";0.63;0.01;"0.02";"0.040";"1.00";"pr"
"912";"PU";"M";"PUM";"GB";0.27;0.017;"0.06";"1.000";"1.00";"pr"
"913";"PU";"M";"PUM";"GB";0.69;0.002;"0.09";"1.00";"1.00";"pr"
"914";"PU";"M";"PUM";"GB";0.45;0.004;"0.12";"0.54";"1.00";"pr"
"915";"PU";"M";"PUM";"GB";0.23;0.002;"0.02";"1.00";"1.00";"pr"
"916";"PU";"M";"PUM";"GB";0.36;0.004;"0.01";"1.00";"1.00";"pr"
"917";"PU";"M";"PUM";"GB";0.55;0.012;"0.13";"0.32";"1.00";"pr"
"918";"PU";"M";"PUM";"GB";0.32;0.015;".";".";".";"pr"
"919";"PU";"M";"PUM";"GB";0.43;0.026;".";".";".";"pr"
"920";"PU";"M";"PUM";"GB";0.69;0.007;".";".";".";"pr"
"921";"PU";"M";"PUM";"GB";0.32;0.018;"0.19";"1.00";"1.00";"pr"
"922";"PU";"M";"PUM";"GB";0.42;0.08;"0.14";"1.00";"1.00";"pr"
"923";"PU";"M";"PUM";"GB";0.36;0.004;"0.13";"1.00";"1.00";"pr"
"924";"PU";"M";"PUM";"GB";0.69;0.002;"0.16";"1.00";"1.00";"pr"
"925";"PU";"M";"PUM";"GB";0.12;0.004;"0.04";"1.00";"1.00";"pr"
"926";"PU";"M";"PUM";"GB";0.77;0.009;"0.06";"1.00";"1.00";"pr"
"927";"PU";"M";"PUM";"GB";1.35;0.012;"0.11";"1.00";"1.00";"pr"
"928";"PU";"M";"PUM";"GB";0.27;0.005;"0.02";"0.05";"0.38";"pr"
"929";"PU";"M";"PUM";"GB";0.6;0.8;"0.04";"1.00";"1.00";"pr"
"930";"PU";"M";"PUM";"GB";0.55;0.001;"0.13";"0.30";"1.00";"pr"
"931";"PU";"M";"PUM";"GB";0.29;0.009;"0.09";"1.00";"1.00";"pr"
"932";"PU";"M";"PUM";"GB";0.29;0.009;"0.09";"1.00";"1.00";"pr"
"933";"PU";"M";"PUM";"GB";1.24;0.01;"0.16";"0.39";"1.00";"pr"
"934";"PU";"M";"PUM";"GB";0.96;0.005;"0.45";"0.18";"0.50";"pr"
"935";"PU";"M";"PUM";"GB";0.47;0.007;"0.06";"1.00";"0.66";"pr"
"936";"PU";"M";"PUM";"GB";0.21;0.004;"0.05";"1.00";"1.00";"pr"
"937";"PU";"M";"PUM";"GB";0.25;0.002;"0.08";"1.00";"1.00";"pr"
"938";"PU";"M";"PUM";"GB";0.29;0.003;"0.06";"0.18";"1.00";"pr"
"939";"PU";"M";"PUM";"GB";0.8;0.008;"0.06";"0.08";"0.45";"pr"
"940";"PU";"M";"PUM";"GB";0.8;0.009;"0.20";"1.00";"1.00";"pr"
"941";"PU";"M";"PUM";"GB";0.51;0.005;"0.05";"0.56";"1.00";"pr"
"942";"PU";"M";"PUM";"GB";0.93;0.002;"0.07";"1.00";"1.00";"pr"
"943";"PU";"M";"PUM";"GB";0.54;0.006;"0.03";"1.00";"1.00";"pr"
"944";"PU";"M";"PUM";"GB";0.36;0.003;"0.04";"1.00";"1.00";"pr"
"945";"PU";"M";"PUM";"GB";0.5;0.003;"0.01";"1.00";"1.00";"pr"
"946";"PU";"M";"PUM";"GB";1.2;0.008;"0.15";"0.35";"1.00";"pr"
"947";"PU";"M";"PUM";"GB";0.13;0.008;"0.02";"1.00";"1.00";"pr"
"948";"SA";"F";"SAF";"TG";0.38;0.14;"0.15";"0.09";"0.38";"jamaica"
"949";"SA";"F";"SAF";"TG";0.03;0.12;"0.19";"0.60";"0.12";"jamaica"
"950";"SA";"F";"SAF";"TG";0;0;"0.22";"0.39";"0.52";"jamaica"
"951";"SA";"F";"SAF";"TG";0.62;0.02;"0.12";"0.26";"0.08";"jamaica"
"952";"SA";"F";"SAF";"TG";0.06;0.1;"0.15";"0.15";"0.10";"jamaica"
"953";"SA";"F";"SAF";"TG";0.02;0.01;"0.09";"0.03";"0.12";"jamaica"
"954";"SA";"F";"SAF";"TG";0.02;0.02;"0.05";"0.13";"0.06";"jamaica"
"955";"SA";"F";"SAF";"TG";0;0;"0.02";"0.36";"0.15";"jamaica"
"956";"SA";"F";"SAF";"TG";0.35;0.01;"0.01";"0.06";"0.07";"jamaica"
"957";"SA";"F";"SAF";"TG";0.12;0.04;"0.10";"0.18";"0.05";"jamaica"
"958";"SA";"F";"SAF";"TG";0.07;0.05;"0.10";"0.12";"0.21";"jamaica"
"959";"SA";"F";"SAF";"TG";0.12;0.004;"0.05";"0.08";"0.19";"jamaica"
"960";"SA";"F";"SAF";"TG";0.35;0.008;"0.07";"0.09";"0.41";"jamaica"
"961";"SA";"F";"SAF";"TG";0.4;0.04;"0.06";"0.19";"0.21";"jamaica"
"962";"SA";"F";"SAF";"TG";0.08;0.22;"0.25";"0.35";"0.23";"jamaica"
"963";"SA";"F";"SAF";"TG";0.075;0.01;"0.07";"0.28";"0.67";"jamaica"
"964";"SA";"F";"SAF";"TG";0.37;0.12;"0.12";"0.62";"0.58";"jamaica"
"965";"SA";"F";"SAF";"TG";0.27;0.05;"0.27";"0.46";"0.22";"jamaica"
"966";"SA";"F";"SAF";"TG";0.19;0.003;"0.15";"0.28";"0.30";"jamaica"
"967";"SA";"F";"SAF";"TG";0.73;0.08;"0.10";"0.11";"0.15";"jamaica"
"968";"SA";"F";"SAF";"TG";0.07;0.042;"0.17";"0.20";"0.52";"jamaica"
"969";"SA";"F";"SAF";"TG";0.21;0.002;"0.07";"0.08";"0.75";"jamaica"
"970";"SA";"F";"SAF";"TG";0.45;0.055;"0.10";"0.12";"0.08";"jamaica"
"971";"SA";"F";"SAF";"TG";1.31;0.1;"0.16";"0.23";"0.18";"jamaica"
"972";"SA";"F";"SAF";"TG";0.65;0.025;"0.10";"0.14";"0.16";"jamaica"
"973";"SA";"F";"SAF";"TG";0.25;0.18;"0.23";"0.32";"0.29";"jamaica"
"974";"SA";"F";"SAF";"TG";0.09;0.013;"0.03";"0.07";"0.76";"jamaica"
"975";"SA";"F";"SAF";"TG";0.19;0.32;"0.11";"0.17";"0.13";"jamaica"
"976";"SA";"F";"SAF";"TG";0.13;0.034;"0.25";"0.14";"0.11";"jamaica"
"977";"SA";"F";"SAF";"TG";0.06;0.075;"0.32";"1.00";"1.00";"jamaica"
"978";"SA";"F";"SAF";"TG";0.23;0.036;"0.33";"0.43";"0.05";"jamaica"
"979";"SA";"F";"SAF";"TG";0.08;0.12;"0.42";"0.56";"0.31";"jamaica"
"980";"SA";"F";"SAF";"TG";0.41;0.085;"0.34";"0.26";"0.29";"jamaica"
"981";"SA";"F";"SAF";"TG";0.38;0.059;"0.21";"0.20";"0.06";"jamaica"
"982";"SA";"F";"SAF";"TG";0.25;0.47;"0.49";"0.57";"0.55";"jamaica"
"983";"SA";"F";"SAF";"TG";0.06;0.042;"0.09";"0.43";"0.20";"jamaica"
"984";"SA";"F";"SAF";"TG";0.1;0.085;"0.37";"0.73";"0.44";"jamaica"
"985";"SA";"F";"SAF";"TG";0.2;0.004;"0.16";"0.54";"0.37";"jamaica"
"986";"SA";"F";"SAF";"TG";0.13;0.008;"0.07";"1.00";"0.07";"jamaica"
"987";"SA";"F";"SAF";"TG";0.35;0.09;"0.42";"1.00";"0.58";"jamaica"
"988";"SA";"F";"SAF";"TG";0.23;0.1;"0.28";"1.00";"0.20";"jamaica"
"989";"SA";"F";"SAF";"TG";0.45;0.025;"0.07";"0.08";"0.11";"jamaica"
"990";"SA";"F";"SAF";"TG";1.2;0.011;"0.06";"0.09";"0.17";"jamaica"
"991";"SA";"F";"SAF";"TG";0.45;0.06;"0.09";"0.11";"0.33";"jamaica"
"992";"SA";"F";"SAF";"TG";0.1;0.1;"0.25";"0.49";"0.46";"jamaica"
"993";"SA";"F";"SAF";"TG";0.1;0.1;"0.16";"0.23";"0.39";"jamaica"
"994";"SA";"F";"SAF";"TG";0.24;0.032;"0.07";"0.78";"0.14";"jamaica"
"995";"SA";"F";"SAF";"TG";0.23;0.05;"0.04";"1.00";"0.11";"jamaica"
"996";"SA";"F";"SAF";"TG";0.17;0.16;"0.05";"0.53";"0.47";"jamaica"
"997";"SA";"F";"SAF";"TG";0.2;0.009;"0.08";"0.10";"1.00";"jamaica"
"998";"SA";"F";"SAF";"TG";0.17;0.66;"1.00";"1.00";"1.00";"jamaica"
"999";"SA";"F";"SAF";"TG";0.55;0.11;"0.15";"0.65";"0.78";"jamaica"
"1000";"SA";"F";"SAF";"TG";0.3;0.012;"0.05";"0.17";"0.93";"jamaica"
"1001";"SA";"F";"SAF";"TG";0.42;0.01;"0.15";"0.31";"0.24";"jamaica"
"1002";"SA";"F";"SAF";"TG";0.36;0.004;"0.10";"0.43";"1.00";"jamaica"
"1003";"SA";"F";"SAF";"TG";0.21;0.12;"0.07";"0.27";"0.87";"jamaica"
"1004";"SA";"M";"SAM";"TG";0.26;0.05;"0.05";"0.07";"0.07";"jamaica"
"1005";"SA";"M";"SAM";"TG";0.1;0.1;"0.10";"0.40";"0.10";"jamaica"
"1006";"SA";"M";"SAM";"TG";0.87;0.01;"0.02";"0.59";"0.69";"jamaica"
"1007";"SA";"M";"SAM";"TG";0.26;0.03;"0.10";"0.05";"0.29";"jamaica"
"1008";"SA";"M";"SAM";"TG";0;0;"0.09";"0.16";"0.85";"jamaica"
"1009";"SA";"M";"SAM";"TG";0.12;0.01;"0.14";"0.35";"0.29";"jamaica"
"1010";"SA";"M";"SAM";"TG";1.22;0.17;"0.14";"0.14";"0.14";"jamaica"
"1011";"SA";"M";"SAM";"TG";0.16;0.015;"0.08";"0.10";"0.07";"jamaica"
"1012";"SA";"M";"SAM";"TG";0.15;0.015;"0.11";"0.14";"0.13";"jamaica"
"1013";"SA";"M";"SAM";"TG";0.33;0.055;"0.26";"0.27";"0.13";"jamaica"
"1014";"SA";"M";"SAM";"TG";0.18;0.03;"0.13";"0.73";"1.00";"jamaica"
"1015";"SA";"M";"SAM";"TG";0.34;0.034;"0.18";"0.08";"0.05";"jamaica"
"1016";"SA";"M";"SAM";"TG";0.25;0.008;"0.21";"0.19";"0.05";"jamaica"
"1017";"SA";"M";"SAM";"TG";0.64;0.05;"0.10";"0.23";"0.14";"jamaica"
"1018";"SA";"M";"SAM";"TG";0.07;0.01;"0.08";"0.12";"0.23";"jamaica"
"1019";"SA";"M";"SAM";"TG";0.18;0.065;"0.06";"0.19";"0.16";"jamaica"
"1020";"SA";"M";"SAM";"TG";0.28;0.012;"0.05";"0.07";"0.13";"jamaica"
"1021";"SA";"M";"SAM";"TG";0;0;"0.56";"0.86";"1.00";"jamaica"
"1022";"SA";"M";"SAM";"TG";0.29;0.115;"0.02";"0.05";"0.15";"jamaica"
"1023";"SA";"M";"SAM";"TG";0.1;0.01;"0.01";"0.17";"0.96";"jamaica"
"1024";"SA";"M";"SAM";"TG";0.07;0.008;"0.04";"0.37";"0.72";"jamaica"
"1025";"SA";"M";"SAM";"TG";0.11;0.004;"0.10";"0.15";"0.33";"jamaica"
"1026";"SA";"M";"SAM";"TG";0.47;0.014;"0.15";"0.03";"0.35";"jamaica"
"1027";"SA";"M";"SAM";"TG";0.48;0.008;"0.07";"0.16";"0.09";"jamaica"
"1028";"SA";"M";"SAM";"TG";0.07;0.006;"0.03";"0.27";"0.13";"jamaica"
"1029";"SA";"M";"SAM";"TG";0.52;0.069;"0.26";"0.09";"0.33";"jamaica"
"1030";"SA";"M";"SAM";"TG";0.83;0.009;"0.35";"0.38";"0.35";"jamaica"
"1031";"SA";"M";"SAM";"TG";0.14;0.051;"0.09";"1.00";"0.37";"jamaica"
"1032";"SA";"M";"SAM";"TG";1.71;0.034;"0.18";"0.97";"0.23";"jamaica"
"1033";"SA";"M";"SAM";"TG";0.28;0.08;"0.17";"1.00";"1.00";"jamaica"
"1034";"SA";"M";"SAM";"TG";0.15;0.006;"0.12";"0.41";"0.16";"jamaica"
"1035";"SA";"M";"SAM";"TG";0.73;0.022;"0.43";"0.05";"0.81";"jamaica"
"1036";"SA";"M";"SAM";"TG";0.19;0.071;"0.13";"0.31";"1.00";"jamaica"
"1037";"SA";"M";"SAM";"TG";0.75;0.058;"0.17";"0.47";"0.12";"jamaica"
"1038";"SA";"M";"SAM";"TG";0.34;0.16;"0.35";"1.00";"0.26";"jamaica"
"1039";"SA";"M";"SAM";"TG";0.37;0.015;"0.20";"0.85";"0.94";"jamaica"
"1040";"SA";"M";"SAM";"TG";0.24;0.03;"0.32";"0.13";"0.12";"jamaica"
"1041";"SA";"M";"SAM";"TG";0.5;0.13;"0.07";"0.26";"1.00";"jamaica"
"1042";"SA";"M";"SAM";"TG";0.34;0.009;"0.09";"0.11";"0.12";"jamaica"
"1043";"SA";"M";"SAM";"TG";0.72;0.05;"0.05";"1.00";"0.22";"jamaica"
"1044";"SA";"M";"SAM";"TG";1.13;0.1;"0.06";"0.17";"0.40";"jamaica"
"1045";"SA";"M";"SAM";"TG";0.45;0.045;"0.05";"0.06";"0.08";"jamaica"
"1046";"SA";"M";"SAM";"TG";0.5;0.007;"0.05";"0.06";"0.09";"jamaica"
"1047";"ST";"F";"STF";"TC";15.7;0.02;"0.02";"0.10";"1.00";"pr"
"1048";"ST";"F";"STF";"TC";21.4;0.1;"1.00";"1.00";"0.30";"pr"
"1049";"ST";"F";"STF";"TC";2;0.15;"0.04";"0.12";"0.07";"pr"
"1050";"ST";"F";"STF";"TC";0.45;0.65;"0.17";"0.47";"0.32";"pr"
"1051";"ST";"F";"STF";"TC";0.28;0.5;"0.17";"0.09";"0.24";"pr"
"1052";"ST";"F";"STF";"TC";22.5;0.5;"0.04";"0.10";"0.30";"pr"
"1053";"ST";"F";"STF";"TC";22.5;0.06;"0.04";"0.35";"0.40";"pr"
"1054";"ST";"F";"STF";"TC";22.5;0.5;"0.01";"0.30";"0.35";"pr"
"1055";"ST";"F";"STF";"TC";25;0.04;"0.02";"0.05";"0.09";"pr"
"1056";"ST";"F";"STF";"TC";1.06;0.21;"0.29";"0.18";"0.67";"pr"
"1057";"ST";"F";"STF";"TC";1.46;0.009;"0.03";"0.02";"1.00";"pr"
"1058";"ST";"F";"STF";"TC";1.04;0.03;"0.28";"0.24";"0.47";"pr"
"1059";"ST";"F";"STF";"TC";1.67;0.13;"0.02";"0.08";"0.45";"pr"
"1060";"ST";"F";"STF";"TC";0.87;0.028;"0.22";"1.00";"0.24";"pr"
"1061";"ST";"F";"STF";"TC";0.83;0.15;"0.62";"1.00";"0.40";"pr"
"1062";"ST";"F";"STF";"TC";1.7;0.003;"0.29";"1.00";"0.40";"pr"
"1063";"ST";"F";"STF";"TC";0.54;0.04;"0.17";"0.25";"0.50";"pr"
"1064";"ST";"F";"STF";"TC";0.23;0.012;"0.57";"0.31";"0.72";"pr"
"1065";"ST";"F";"STF";"TC";0.95;0.06;"0.20";"0.74";"0.32";"pr"
"1066";"ST";"F";"STF";"TC";0.32;0.04;"1.00";"1.00";"1.00";"pr"
"1067";"ST";"F";"STF";"TC";0.98;0.015;"0.05";"1.00";"1.00";"pr"
"1068";"ST";"F";"STF";"TC";1.05;0.07;"0.41";"0.72";"0.30";"pr"
"1069";"ST";"F";"STF";"TC";0.38;0.07;"0.25";"0.94";"0.37";"pr"
"1070";"ST";"F";"STF";"TC";0.65;0.034;"0.10";"0.78";"1.00";"pr"
"1071";"ST";"F";"STF";"TC";1.29;0.022;"0.18";"0.45";"0.36";"pr"
"1072";"ST";"F";"STF";"TC";20.8;0.025;"0.07";"0.07";"0.70";"pr"
"1073";"ST";"F";"STF";"TC";11.1;0.05;"1.00";"0.04";"0.06";"pr"
"1074";"ST";"F";"STF";"TC";8.33;0.025;"0.03";"0.08";"0.30";"pr"
"1075";"ST";"F";"STF";"TC";25;0.02;"0.08";"0.15";"0.60";"pr"
"1076";"ST";"F";"STF";"TC";25;0.01;"0.05";"0.05";"0.50";"pr"
"1077";"ST";"F";"STF";"TC";2;0.09;"1.00";"1.00";"1.00";"pr"
"1078";"ST";"F";"STF";"TC";0.63;1.4;"0.13";"1.00";"1.00";"pr"
"1079";"ST";"F";"STF";"TC";0.8;0.055;"0.15";"1.00";"1.00";"pr"
"1080";"ST";"F";"STF";"TC";0.61;0.08;"0.49";"1.00";"1.00";"pr"
"1081";"ST";"F";"STF";"TC";1.5;0.04;"0.44";"0.97";"1.00";"pr"
"1082";"ST";"F";"STF";"TC";1.35;0.045;"0.23";"0.14";"0.24";"pr"
"1083";"ST";"F";"STF";"TC";27.5;0.008;"0.07";"0.10";"0.08";"pr"
"1084";"ST";"F";"STF";"TC";15.6;0.008;"0.15";"0.22";"0.07";"pr"
"1085";"ST";"F";"STF";"TC";1.3;0.03;"0.13";"0.12";"0.13";"pr"
"1086";"ST";"M";"STM";"TC";15.9;0.3;"0.20";"1.00";"1.00";"pr"
"1087";"ST";"M";"STM";"TC";18.6;0.1;"0.15";"0.10";"0.15";"pr"
"1088";"ST";"M";"STM";"TC";26.7;0.1;"0.05";"0.15";"0.20";"pr"
"1089";"ST";"M";"STM";"TC";0.84;0.075;"0.16";"0.35";"0.25";"pr"
"1090";"ST";"M";"STM";"TC";1.15;0.19;"0.52";"0.43";"0.75";"pr"
"1091";"ST";"M";"STM";"TC";1;0.32;"0.26";"0.55";"0.40";"pr"
"1092";"ST";"M";"STM";"TC";0.51;0.025;"0.07";"0.32";"0.20";"pr"
"1093";"ST";"M";"STM";"TC";0.6;0.39;"0.16";"0.07";"0.56";"pr"
"1094";"ST";"M";"STM";"TC";0.64;0.115;"0.15";"0.64";"0.28";"pr"
"1095";"ST";"M";"STM";"TC";22.5;0.1;"0.03";"0.15";"0.20";"pr"
"1096";"ST";"M";"STM";"TC";22.5;0.2;"0.06";"0.02";"0.40";"pr"
"1097";"ST";"M";"STM";"TC";32.5;0.3;"0.20";"0.10";"0.50";"pr"
"1098";"ST";"M";"STM";"TC";25;0.03;"0.15";"0.18";"0.45";"pr"
"1099";"ST";"M";"STM";"TC";0.6;0.33;"0.46";"0.16";"0.38";"pr"
"1100";"ST";"M";"STM";"TC";2.4;0.09;"0.35";"1.00";"0.21";"pr"
"1101";"ST";"M";"STM";"TC";23.6;0.018;"0.04";"0.16";"0.55";"pr"
"1102";"ST";"M";"STM";"TC";11.1;0.05;"1.00";"0.04";"0.06";"pr"
"1103";"ST";"M";"STM";"TC";20;0.03;"0.20";"0.40";"0.10";"pr"
"1104";"ST";"M";"STM";"TC";21;0.05;"0.10";"0.20";"0.20";"pr"
"1105";"ST";"M";"STM";"TC";24;0.05;"0.70";"0.10";"0.25";"pr"
"1106";"ST";"M";"STM";"TC";24;0.04;"0.04";"0.30";"0.25";"pr"
"1107";"ST";"M";"STM";"TC";4.5;0.19;"0.15";"0.40";"1.00";"pr"
"1108";"ST";"M";"STM";"TC";7.5;0.2;"0.70";"0.25";"1.00";"pr"
"1109";"ST";"M";"STM";"TC";0.04;0.02;"0.28";"0.43";"1.00";"pr"
"1110";"ST";"M";"STM";"TC";3.25;0.28;"0.10";"1.00";"0.36";"pr"
"1111";"ST";"M";"STM";"TC";1.75;0.7;"1.00";"1.00";"0.66";"pr"
"1112";"ST";"M";"STM";"TC";22.2;0.06;"0.06";"0.04";"0.20";"pr"
"1113";"ST";"M";"STM";"TC";3.12;0.07;"0.15";"0.30";"0.40";"pr"
"1114";"ST";"M";"STM";"TC";25;0.02;"0.06";"0.15";"1.00";"pr"
"1115";"ST";"M";"STM";"TC";27;0.05;"0.12";"0.25";"0.30";"pr"
"1116";"ST";"M";"STM";"TC";26;0.09;"0.20";"1.00";"0.40";"pr"
"1117";"ST";"M";"STM";"TC";15.6;0.035;"0.04";"0.08";"0.10";"pr"
"1118";"ST";"M";"STM";"TC";0.1;0.007;"0.10";"0.10";"1.00";"pr"
"1119";"ST";"M";"STM";"TC";2;0.01;"0.05";"0.08";"0.80";"pr"
"1120";"VA";"F";"VAF";"TW";1.52;0.01;"0.10";"0.49";"0.60";"jamaica"
"1121";"VA";"F";"VAF";"TW";1.08;0.01;"0.06";"0.20";"0.54";"jamaica"
"1122";"VA";"F";"VAF";"TW";1.52;0.02;"0.04";"0.10";"0.35";"jamaica"
"1123";"VA";"F";"VAF";"TW";1.22;0.01;"0.03";"0.24";"0.20";"jamaica"
"1124";"VA";"F";"VAF";"TW";3.2;0.009;"0.04";"0.65";"0.27";"jamaica"
"1125";"VA";"F";"VAF";"TW";1.42;0.022;"0.26";"0.31";"0.46";"jamaica"
"1126";"VA";"F";"VAF";"TW";2.4;0.018;"0.43";"0.63";"0.08";"jamaica"
"1127";"VA";"F";"VAF";"TW";1.8;0.013;"0.06";"0.19";"0.27";"jamaica"
"1128";"VA";"F";"VAF";"TW";1.29;0.071;"0.44";"0.39";"0.13";"jamaica"
"1129";"VA";"F";"VAF";"TW";3.2;0.018;"0.06";"0.47";"0.58";"jamaica"
"1130";"VA";"F";"VAF";"TW";3.4;0.007;"0.08";"0.04";"0.21";"jamaica"
"1131";"VA";"F";"VAF";"TW";2.3;0.011;"0.06";"0.27";"0.16";"jamaica"
"1132";"VA";"F";"VAF";"TW";1.25;0.011;"0.11";"0.13";"0.28";"jamaica"
"1133";"VA";"F";"VAF";"TW";3.1;0;"0.03";"0.27";"0.24";"jamaica"
"1134";"VA";"F";"VAF";"TW";4;0;"0.02";"0.05";"0.24";"jamaica"
"1135";"VA";"F";"VAF";"TW";1.65;0.001;"0.05";"0.43";"1.00";"jamaica"
"1136";"VA";"F";"VAF";"TW";1.01;0.01;"0.12";"0.28";"0.53";"jamaica"
"1137";"VA";"F";"VAF";"TW";1.25;0.012;"0.10";"0.18";"0.33";"jamaica"
"1138";"VA";"F";"VAF";"TW";1.75;0.011;"0.12";"0.20";"0.97";"jamaica"
"1139";"VA";"F";"VAF";"TW";3;0.007;"0.15";"0.25";"0.20";"jamaica"
"1140";"VA";"F";"VAF";"TW";1.55;0.005;"0.08";"0.25";"0.50";"jamaica"
"1141";"VA";"F";"VAF";"TW";1.21;0.002;"0.44";"0.95";"1.00";"jamaica"
"1142";"VA";"F";"VAF";"TW";1.6;0.003;"0.12";"0.50";"1.00";"jamaica"
"1143";"VA";"F";"VAF";"TW";1.52;0.005;"0.13";"0.29";"0.85";"jamaica"
"1144";"VA";"F";"VAF";"TW";3;0.006;"0.25";"0.40";"0.30";"jamaica"
"1145";"VA";"F";"VAF";"TW";4;0.005;"0.05";"0.20";"0.50";"jamaica"
"1146";"VA";"F";"VAF";"TW";2.75;0.005;"0.26";"0.15";"1.00";"jamaica"
"1147";"VA";"F";"VAF";"TW";2;0.008;"0.12";"0.59";"0.47";"jamaica"
"1148";"VA";"F";"VAF";"TW";0.55;0.04;"0.20";"0.24";"0.15";"jamaica"
"1149";"VA";"F";"VAF";"TW";1.6;0.006;"0.04";"0.12";"0.50";"jamaica"
"1150";"VA";"F";"VAF";"TW";10.2;0.35;"0.30";"0.20";"0.25";"jamaica"
"1151";"VA";"M";"VAM";"TW";2.02;0.01;"0.03";"0.17";"0.92";"jamaica"
"1152";"VA";"M";"VAM";"TW";4;0.08;"0.98";"0.21";"0.32";"jamaica"
"1153";"VA";"M";"VAM";"TW";3.8;0.037;"0.31";"0.28";"0.21";"jamaica"
"1154";"VA";"M";"VAM";"TW";0.12;0.11;"0.07";"0.20";"0.24";"jamaica"
"1155";"VA";"M";"VAM";"TW";3;1;"0.05";"0.10";"0.50";"jamaica"
"1156";"VA";"M";"VAM";"TW";6.5;0.005;"0.10";"1.00";"1.00";"jamaica"
"1157";"VA";"M";"VAM";"TW";2.1;0;"0.01";"0.02";"0.44";"jamaica"
"1158";"VA";"M";"VAM";"TW";2.1;0.012;"0.50";"0.60";"1.00";"jamaica"
"1159";"VA";"M";"VAM";"TW";3;0.005;"0.10";"0.45";"0.70";"jamaica"
"1160";"VA";"M";"VAM";"TW";6.5;0.04;"0.10";"1.00";"0.60";"jamaica"
"1161";"VA";"M";"VAM";"TW";2.6;0.003;"0.15";"0.35";"0.87";"jamaica"
"1162";"VA";"M";"VAM";"TW";3;0.004;"0.15";"0.25";"1.00";"jamaica"
"1163";"VA";"M";"VAM";"TW";4;0.005;"0.15";"0.35";"1.00";"jamaica"
"1164";"VA";"M";"VAM";"TW";0.35;0.027;"0.10";"0.59";"0.11";"jamaica"
"1165";"VA";"M";"VAM";"TW";1;0.08;"0.07";"0.14";"0.33";"jamaica"
"1166";"VA";"M";"VAM";"TW";2.7;0.01;"0.30";"0.15";"0.25";"jamaica"
"1167";"VA";"M";"VAM";"TW";1.66;0.004;"1.00";"0.04";"0.12";"jamaica"
"1168";"VA";"M";"VAM";"TW";3.5;0.005;"0.15";"0.40";"0.60";"jamaica"
"1169";"VA";"M";"VAM";"TW";1.46;0.013;"0.08";"0.53";"0.89";"jamaica"
"1170";"VA";"M";"VAM";"TW";1.35;0.01;"0.23";"0.40";"0.11";"jamaica"
